status,backbone,dataset,seq_len,pred_len,seed,baseline_mse,stack_mse,delta_mse,delta_mse_pct,baseline_mae,stack_mae,val_mse,baseline_params,added_params,total_params,param_increase_pct,baseline_real_scalar_equiv,total_real_scalar_equiv,fusion_gate,base_lr,adapter_lr,loss,alpha,lpf,period_len,latent_dim,phase_layers,t_train_seconds,forward_ms_per_sample,test_peak_gpu_mem_mb,train_peak_gpu_mem_mb,n_test_samples,train_job_id,train_job_state,train_job_elapsed,test_job_id,test_job_state,test_job_elapsed,baseline_summary_path,metrics_path,checkpoint_path,audit_errors,run_id,code_sha256
ok,mixlinear,weather,96,96,2023,0.1995440125465393,0.17734954614465004,-0.022194466401889268,-11.122592012984049,0.24124681949615479,0.22467379051041939,0.42962112456036566,105,945,1050,900.0,155,1100,0.31700679659843445,0.02,0.005,mse,0.99,1,4,,,146.3334255218506,0.1420994208607008,39.72314453125,74.40625,10444,28799582,COMPLETED,00:02:38,28799583,COMPLETED,00:00:14,/scratch3/lin250/bldgFM/DUBABA/AsySpecX/baseline_2026_results/iclr26_baselines_l96_0716v1/mixlinear/weather/mixlinear_weather_sl96_pl96_a0p99_lpf1/run_summary.json,results/a2estack_a2estacks_0716v1_20260716_024250_mixlinear_weather_l96_h96_s2023_MixLinearAsy2Echo_custom_ftM_sl96_pl96_cycle144_seed2023/metrics_summary.csv,checkpoints/asy2echo_stacks/a2estack_a2estacks_0716v1_20260716_024250_mixlinear_weather_l96_h96_s2023_MixLinearAsy2Echo_custom_ftM_sl96_pl96_cycle144_seed2023/checkpoint.pth,,a2estacks_0716v1_20260716_024250,96f8a84ac3ac894c5825555a597d79e2d03f01d91f09bacefd3e078e9f32829d
ok,mixlinear,weather,96,192,2023,0.24444447457790375,0.22828877961410524,-0.01615569496379851,-6.609147125004758,0.2772573232650757,0.2657824837285819,0.5065703423835637,173,1145,1318,661.849710982659,271,1416,0.26541802287101746,0.02,0.005,mse,0.5,1,4,,,155.5442612171173,0.14246330530086412,46.02197265625,81.9248046875,10348,28799584,COMPLETED,00:02:48,28799585,COMPLETED,00:00:15,/scratch3/lin250/bldgFM/DUBABA/AsySpecX/baseline_2026_results/iclr26_baselines_l96_0716v1/mixlinear/weather/mixlinear_weather_sl96_pl192_a0p5_lpf1/run_summary.json,results/a2estack_a2estacks_0716v1_20260716_024250_mixlinear_weather_l96_h192_s2023_MixLinearAsy2Echo_custom_ftM_sl96_pl192_cycle144_seed2023/metrics_summary.csv,checkpoints/asy2echo_stacks/a2estack_a2estacks_0716v1_20260716_024250_mixlinear_weather_l96_h192_s2023_MixLinearAsy2Echo_custom_ftM_sl96_pl192_cycle144_seed2023/checkpoint.pth,,a2estacks_0716v1_20260716_024250,96f8a84ac3ac894c5825555a597d79e2d03f01d91f09bacefd3e078e9f32829d
ok,mixlinear,weather,96,336,2023,0.29659631848335266,0.28254774021012724,-0.01404857827322542,-4.736599006037204,0.3133407235145569,0.3036143588241528,0.5973291894035968,275,1149,1424,417.8181818181818,445,1594,0.3176840841770172,0.02,0.005,mse,0.01,1,4,,,177.78046464920044,0.14360569173237217,57.1337890625,95.7509765625,10204,28799586,COMPLETED,00:03:11,28799587,COMPLETED,00:00:15,/scratch3/lin250/bldgFM/DUBABA/AsySpecX/baseline_2026_results/iclr26_baselines_l96_0716v1/mixlinear/weather/mixlinear_weather_sl96_pl336_a0p01_lpf1/run_summary.json,results/a2estack_a2estacks_0716v1_20260716_024250_mixlinear_weather_l96_h336_s2023_MixLinearAsy2Echo_custom_ftM_sl96_pl336_cycle144_seed2023/metrics_summary.csv,checkpoints/asy2echo_stacks/a2estack_a2estacks_0716v1_20260716_024250_mixlinear_weather_l96_h336_s2023_MixLinearAsy2Echo_custom_ftM_sl96_pl336_cycle144_seed2023/checkpoint.pth,,a2estacks_0716v1_20260716_024250,96f8a84ac3ac894c5825555a597d79e2d03f01d91f09bacefd3e078e9f32829d
ok,mixlinear,weather,96,720,2023,0.3703329265117645,0.35768463855516464,-0.01264828795659989,-3.415383038104792,0.360758900642395,0.35202948154699937,0.7265813128838844,507,1157,1664,228.2051282051282,869,2026,0.34105169773101807,0.02,0.005,mse,0.01,1,4,,,185.25228071212769,0.14731448699479313,81.6064453125,127.22998046875,9820,28799588,COMPLETED,00:03:18,28799589,COMPLETED,00:00:15,/scratch3/lin250/bldgFM/DUBABA/AsySpecX/baseline_2026_results/iclr26_baselines_l96_0716v1/mixlinear/weather/mixlinear_weather_sl96_pl720_a0p01_lpf1/run_summary.json,results/a2estack_a2estacks_0716v1_20260716_024250_mixlinear_weather_l96_h720_s2023_MixLinearAsy2Echo_custom_ftM_sl96_pl720_cycle144_seed2023/metrics_summary.csv,checkpoints/asy2echo_stacks/a2estack_a2estacks_0716v1_20260716_024250_mixlinear_weather_l96_h720_s2023_MixLinearAsy2Echo_custom_ftM_sl96_pl720_cycle144_seed2023/checkpoint.pth,,a2estacks_0716v1_20260716_024250,96f8a84ac3ac894c5825555a597d79e2d03f01d91f09bacefd3e078e9f32829d
ok,mixlinear,weather,720,96,2023,0.1793045997619629,0.14972362371296993,-0.029580976048992957,-16.49761137654215,0.23715822398662567,0.20562746489141018,0.38929509888291897,195,3441,3636,1764.6153846153845,245,3686,0.07454720884561539,0.02,0.005,mse,0.99,1,4,,,128.2885730266571,0.14408663923241133,59.32958984375,105.830078125,10444,28799590,COMPLETED,00:02:20,28799591,COMPLETED,00:00:16,/scratch3/lin250/bldgFM/DUBABA/AsySpecX/baseline_2026_results/iclr26_baselines_0713v1/mixlinear/weather/mixlinear_weather_sl720_pl96_a0p99_lpf1/run_summary.json,results/a2estack_a2estacks_0716v1_20260716_024250_mixlinear_weather_l720_h96_s2023_MixLinearAsy2Echo_custom_ftM_sl720_pl96_cycle144_seed2023/metrics_summary.csv,checkpoints/asy2echo_stacks/a2estack_a2estacks_0716v1_20260716_024250_mixlinear_weather_l720_h96_s2023_MixLinearAsy2Echo_custom_ftM_sl720_pl96_cycle144_seed2023/checkpoint.pth,,a2estacks_0716v1_20260716_024250,96f8a84ac3ac894c5825555a597d79e2d03f01d91f09bacefd3e078e9f32829d
ok,mixlinear,weather,720,192,2023,0.2218078225851059,0.19381977870601302,-0.027988043879092872,-12.618150051202132,0.27411171793937683,0.2478639465056995,0.4498990960438436,299,3641,3940,1217.7257525083612,397,4038,0.0990186333656311,0.02,0.005,mse,0.99,1,4,,,151.39470314979553,0.14054193269428272,62.51123046875,111.486328125,10348,28799592,COMPLETED,00:02:44,28799593,COMPLETED,00:00:11,/scratch3/lin250/bldgFM/DUBABA/AsySpecX/baseline_2026_results/iclr26_baselines_0713v1/mixlinear/weather/mixlinear_weather_sl720_pl192_a0p99_lpf1/run_summary.json,results/a2estack_a2estacks_0716v1_20260716_024250_mixlinear_weather_l720_h192_s2023_MixLinearAsy2Echo_custom_ftM_sl720_pl192_cycle144_seed2023/metrics_summary.csv,checkpoints/asy2echo_stacks/a2estack_a2estacks_0716v1_20260716_024250_mixlinear_weather_l720_h192_s2023_MixLinearAsy2Echo_custom_ftM_sl720_pl192_cycle144_seed2023/checkpoint.pth,,a2estacks_0716v1_20260716_024250,96f8a84ac3ac894c5825555a597d79e2d03f01d91f09bacefd3e078e9f32829d
ok,mixlinear,weather,720,336,2023,0.26743242144584656,0.2530796497597245,-0.014352771686122034,-5.366877960617196,0.3077290952205658,0.2926184673640472,0.5234473946592834,455,3645,4100,801.0989010989011,625,4270,0.1017918586730957,0.02,0.005,mse,0.99,1,4,,,242.48034024238586,0.14497142654570913,68.72265625,122.2412109375,10204,28799594,COMPLETED,00:04:16,28799595,COMPLETED,00:00:15,/scratch3/lin250/bldgFM/DUBABA/AsySpecX/baseline_2026_results/iclr26_baselines_0713v1/mixlinear/weather/mixlinear_weather_sl720_pl336_a0p99_lpf1/run_summary.json,results/a2estack_a2estacks_0716v1_20260716_024250_mixlinear_weather_l720_h336_s2023_MixLinearAsy2Echo_custom_ftM_sl720_pl336_cycle144_seed2023/metrics_summary.csv,checkpoints/asy2echo_stacks/a2estack_a2estacks_0716v1_20260716_024250_mixlinear_weather_l720_h336_s2023_MixLinearAsy2Echo_custom_ftM_sl720_pl336_cycle144_seed2023/checkpoint.pth,,a2estacks_0716v1_20260716_024250,96f8a84ac3ac894c5825555a597d79e2d03f01d91f09bacefd3e078e9f32829d
ok,mixlinear,weather,720,720,2023,0.32921239733695984,0.31360035666614827,-0.015612040670811567,-4.742239598842362,0.3508678376674652,0.33741852567489955,0.6066782309100139,759,3653,4412,481.29117259552044,1121,4774,0.08077120035886765,0.02,0.005,mse,0.01,1,4,,,155.37273025512695,0.15104073431729784,91.40625,143.8251953125,9820,28799596,COMPLETED,00:02:49,28799597,COMPLETED,00:00:15,/scratch3/lin250/bldgFM/DUBABA/AsySpecX/baseline_2026_results/iclr26_baselines_0713v1/mixlinear/weather/mixlinear_weather_sl720_pl720_a0p01_lpf1/run_summary.json,results/a2estack_a2estacks_0716v1_20260716_024250_mixlinear_weather_l720_h720_s2023_MixLinearAsy2Echo_custom_ftM_sl720_pl720_cycle144_seed2023/metrics_summary.csv,checkpoints/asy2echo_stacks/a2estack_a2estacks_0716v1_20260716_024250_mixlinear_weather_l720_h720_s2023_MixLinearAsy2Echo_custom_ftM_sl720_pl720_cycle144_seed2023/checkpoint.pth,,a2estacks_0716v1_20260716_024250,96f8a84ac3ac894c5825555a597d79e2d03f01d91f09bacefd3e078e9f32829d
ok,mixlinear,electricity,96,96,2023,0.20989830791950226,0.16527484842212725,-0.044623459497375006,-21.2595613274255,0.28103968501091003,0.25738557189155614,0.14341907099995838,47,1269,1316,2700.0,61,1330,-0.20079775154590607,0.03,0.005,mse,0.5,3,24,,,346.83713817596436,0.2820879916975136,147.13134765625,225.24658203125,5165,28799598,COMPLETED,00:06:02,28799599,COMPLETED,00:00:23,/scratch3/lin250/bldgFM/DUBABA/AsySpecX/baseline_2026_results/iclr26_baselines_l96_0716v1/mixlinear/electricity/mixlinear_electricity_sl96_pl96_a0p5_lpf3/run_summary.json,results/a2estack_a2estacks_0716v1_20260716_024250_mixlinear_electricity_l96_h96_s2023_MixLinearAsy2Echo_custom_ftM_sl96_pl96_cycle168_seed2023/metrics_summary.csv,checkpoints/asy2echo_stacks/a2estack_a2estacks_0716v1_20260716_024250_mixlinear_electricity_l96_h96_s2023_MixLinearAsy2Echo_custom_ftM_sl96_pl96_cycle168_seed2023/checkpoint.pth,,a2estacks_0716v1_20260716_024250,96f8a84ac3ac894c5825555a597d79e2d03f01d91f09bacefd3e078e9f32829d
ok,mixlinear,electricity,96,192,2023,0.20678608119487762,0.17208562226623272,-0.0347004589286449,-16.780848463365764,0.28264814615249634,0.2630744034127994,0.14945937621242214,57,1565,1622,2745.6140350877195,77,1642,0.618834376335144,0.03,0.005,mse,0.99,2,24,,,381.6596956253052,0.28204650490076777,245.13330078125,330.2578125,5069,28799600,COMPLETED,00:06:37,28799601,COMPLETED,00:00:17,/scratch3/lin250/bldgFM/DUBABA/AsySpecX/baseline_2026_results/iclr26_baselines_l96_0716v1/mixlinear/electricity/mixlinear_electricity_sl96_pl192_a0p99_lpf2/run_summary.json,results/a2estack_a2estacks_0716v1_20260716_024250_mixlinear_electricity_l96_h192_s2023_MixLinearAsy2Echo_custom_ftM_sl96_pl192_cycle168_seed2023/metrics_summary.csv,checkpoints/asy2echo_stacks/a2estack_a2estacks_0716v1_20260716_024250_mixlinear_electricity_l96_h192_s2023_MixLinearAsy2Echo_custom_ftM_sl96_pl192_cycle168_seed2023/checkpoint.pth,,a2estacks_0716v1_20260716_024250,96f8a84ac3ac894c5825555a597d79e2d03f01d91f09bacefd3e078e9f32829d
ok,mixlinear,electricity,96,336,2023,0.22082215547561646,0.18861922999865913,-0.03220292547695733,-14.58319497316619,0.2974089980125427,0.2795536146946422,0.166028050142613,73,1565,1638,2143.8356164383563,105,1670,0.4450054466724396,0.03,0.005,mse,0.99,2,24,,,402.22266817092896,0.3011437091352371,382.57666015625,503.673828125,4925,28799602,COMPLETED,00:06:57,28799603,COMPLETED,00:00:18,/scratch3/lin250/bldgFM/DUBABA/AsySpecX/baseline_2026_results/iclr26_baselines_l96_0716v1/mixlinear/electricity/mixlinear_electricity_sl96_pl336_a0p99_lpf2/run_summary.json,results/a2estack_a2estacks_0716v1_20260716_024250_mixlinear_electricity_l96_h336_s2023_MixLinearAsy2Echo_custom_ftM_sl96_pl336_cycle168_seed2023/metrics_summary.csv,checkpoints/asy2echo_stacks/a2estack_a2estacks_0716v1_20260716_024250_mixlinear_electricity_l96_h336_s2023_MixLinearAsy2Echo_custom_ftM_sl96_pl336_cycle168_seed2023/checkpoint.pth,,a2estacks_0716v1_20260716_024250,96f8a84ac3ac894c5825555a597d79e2d03f01d91f09bacefd3e078e9f32829d
ok,mixlinear,electricity,96,720,2023,0.2623118460178375,0.22806324918904372,-0.034248596828793804,-13.05644306527615,0.33076468110084534,0.31105884334357087,0.20043680482394718,113,1577,1690,1395.575221238938,177,1754,0.5611379146575928,0.03,0.005,mse,0.5,2,24,,,574.0709011554718,0.31574211392836327,759.6123046875,969.35791015625,4541,28799604,COMPLETED,00:09:49,28799605,COMPLETED,00:00:20,/scratch3/lin250/bldgFM/DUBABA/AsySpecX/baseline_2026_results/iclr26_baselines_l96_0716v1/mixlinear/electricity/mixlinear_electricity_sl96_pl720_a0p5_lpf2/run_summary.json,results/a2estack_a2estacks_0716v1_20260716_024250_mixlinear_electricity_l96_h720_s2023_MixLinearAsy2Echo_custom_ftM_sl96_pl720_cycle168_seed2023/metrics_summary.csv,checkpoints/asy2echo_stacks/a2estack_a2estacks_0716v1_20260716_024250_mixlinear_electricity_l96_h720_s2023_MixLinearAsy2Echo_custom_ftM_sl96_pl720_cycle168_seed2023/checkpoint.pth,,a2estacks_0716v1_20260716_024250,96f8a84ac3ac894c5825555a597d79e2d03f01d91f09bacefd3e078e9f32829d
ok,mixlinear,electricity,720,96,2023,0.1386059671640396,0.13107336092233768,-0.0075326062417019335,-5.434546863907471,0.2334003895521164,0.22755165787243473,0.11073341727159361,95,3765,3860,3963.157894736842,141,3906,0.204798623919487,0.03,0.005,mse,0.5,19,24,,,1496.284720659256,0.2894067388507542,435.80126953125,717.17919921875,5165,28799606,COMPLETED,00:25:12,28799607,COMPLETED,00:00:20,/scratch3/lin250/bldgFM/DUBABA/AsySpecX/baseline_2026_results/iclr26_baselines_0713v1/mixlinear/electricity/mixlinear_electricity_sl720_pl96_a0p5_lpf19/run_summary.json,results/a2estack_a2estacks_0716v1_20260716_024250_mixlinear_electricity_l720_h96_s2023_MixLinearAsy2Echo_custom_ftM_sl720_pl96_cycle168_seed2023/metrics_summary.csv,checkpoints/asy2echo_stacks/a2estack_a2estacks_0716v1_20260716_024250_mixlinear_electricity_l720_h96_s2023_MixLinearAsy2Echo_custom_ftM_sl720_pl96_cycle168_seed2023/checkpoint.pth,,a2estacks_0716v1_20260716_024250,96f8a84ac3ac894c5825555a597d79e2d03f01d91f09bacefd3e078e9f32829d
ok,mixlinear,electricity,720,192,2023,0.15428206324577332,0.1476219853607672,-0.00666007788500611,-4.316819301538975,0.2483368217945099,0.24244285413854502,0.12489136614535244,107,4061,4168,3795.3271028037384,153,4214,0.26119598746299744,0.03,0.005,mse,0.99,15,24,,,1824.4425868988037,0.29803152769527674,489.59033203125,766.9404296875,5069,28799608,COMPLETED,00:30:39,28799609,COMPLETED,00:00:22,/scratch3/lin250/bldgFM/DUBABA/AsySpecX/baseline_2026_results/iclr26_baselines_0713v1/mixlinear/electricity/mixlinear_electricity_sl720_pl192_a0p99_lpf15/run_summary.json,results/a2estack_a2estacks_0716v1_20260716_024250_mixlinear_electricity_l720_h192_s2023_MixLinearAsy2Echo_custom_ftM_sl720_pl192_cycle168_seed2023/metrics_summary.csv,checkpoints/asy2echo_stacks/a2estack_a2estacks_0716v1_20260716_024250_mixlinear_electricity_l720_h192_s2023_MixLinearAsy2Echo_custom_ftM_sl720_pl192_cycle168_seed2023/checkpoint.pth,,a2estacks_0716v1_20260716_024250,96f8a84ac3ac894c5825555a597d79e2d03f01d91f09bacefd3e078e9f32829d
ok,mixlinear,electricity,720,336,2023,0.17071759700775146,0.16340701655455825,-0.007310580453193216,-4.282265320815919,0.26457449793815613,0.2588321143533399,0.14049731126357645,131,4061,4192,3100.0,189,4250,0.30444636940956116,0.03,0.005,mse,0.99,15,24,,,1877.6899211406708,0.31236249329474974,556.53955078125,877.75146484375,4925,28799610,COMPLETED,00:32:39,28799611,COMPLETED,00:00:22,/scratch3/lin250/bldgFM/DUBABA/AsySpecX/baseline_2026_results/iclr26_baselines_0713v1/mixlinear/electricity/mixlinear_electricity_sl720_pl336_a0p99_lpf15/run_summary.json,results/a2estack_a2estacks_0716v1_20260716_024250_mixlinear_electricity_l720_h336_s2023_MixLinearAsy2Echo_custom_ftM_sl720_pl336_cycle168_seed2023/metrics_summary.csv,checkpoints/asy2echo_stacks/a2estack_a2estacks_0716v1_20260716_024250_mixlinear_electricity_l720_h336_s2023_MixLinearAsy2Echo_custom_ftM_sl720_pl336_cycle168_seed2023/checkpoint.pth,,a2estacks_0716v1_20260716_024250,96f8a84ac3ac894c5825555a597d79e2d03f01d91f09bacefd3e078e9f32829d
ok,mixlinear,electricity,720,720,2023,0.20948943495750427,0.20295529448943028,-0.00653414046807399,-3.1190787589834614,0.2979065477848053,0.29205961567247474,0.1741717422104676,187,4073,4260,2178.0748663101604,277,4350,0.23009830713272095,0.03,0.005,mse,0.5,15,24,,,1648.023644208908,0.1283029848666633,903.7705078125,1248.6162109375,4541,28799612,COMPLETED,00:28:20,28799613,COMPLETED,00:00:20,/scratch3/lin250/bldgFM/DUBABA/AsySpecX/baseline_2026_results/iclr26_baselines_0713v1/mixlinear/electricity/mixlinear_electricity_sl720_pl720_a0p5_lpf15/run_summary.json,results/a2estack_a2estacks_0716v1_20260716_024250_mixlinear_electricity_l720_h720_s2023_MixLinearAsy2Echo_custom_ftM_sl720_pl720_cycle168_seed2023/metrics_summary.csv,checkpoints/asy2echo_stacks/a2estack_a2estacks_0716v1_20260716_024250_mixlinear_electricity_l720_h720_s2023_MixLinearAsy2Echo_custom_ftM_sl720_pl720_cycle168_seed2023/checkpoint.pth,,a2estacks_0716v1_20260716_024250,96f8a84ac3ac894c5825555a597d79e2d03f01d91f09bacefd3e078e9f32829d
ok,phaseformer,weather,96,96,2021,0.17900967597961426,0.16815672629372103,-0.010852949685893232,-6.062772655445269,0.216349259018898,0.20956958900208428,0.4119134605739678,4524,945,5469,20.888594164456233,4524,5469,0.20161177217960358,0.001,0.005,huber,,,24,8,3,656.7107911109924,0.21410964138496258,36.908203125,85.61669921875,10444,28799614,COMPLETED,00:11:27,28799615,COMPLETED,00:00:17,/scratch3/lin250/bldgFM/DUBABA/AsySpecX/baseline_2026_results/iclr26_baselines_l96_0716v1/phaseformer/weather/phaseformer_weather_sl96_pl96/run_summary.json,results/a2estack_a2estacks_0716v1_20260716_024250_phaseformer_weather_l96_h96_s2021_PhaseFormerAsy2Echo_custom_ftM_sl96_pl96_cycle144_seed2021/metrics_summary.csv,checkpoints/asy2echo_stacks/a2estack_a2estacks_0716v1_20260716_024250_phaseformer_weather_l96_h96_s2021_PhaseFormerAsy2Echo_custom_ftM_sl96_pl96_cycle144_seed2021/checkpoint.pth,,a2estacks_0716v1_20260716_024250,96f8a84ac3ac894c5825555a597d79e2d03f01d91f09bacefd3e078e9f32829d
ok,phaseformer,weather,96,192,2021,0.23042325675487518,0.21930621709045786,-0.011117039664417322,-4.824617020426743,0.25938501954078674,0.2535816093382992,0.49097724863322445,3052,1145,4197,37.51638269986894,3052,4197,0.2675001919269562,0.001,0.005,huber,,,24,8,2,616.8109331130981,0.18314589663676178,37.423828125,79.9150390625,10348,28799616,COMPLETED,00:10:28,28799617,COMPLETED,00:01:16,/scratch3/lin250/bldgFM/DUBABA/AsySpecX/baseline_2026_results/iclr26_baselines_l96_0716v1/phaseformer/weather/phaseformer_weather_sl96_pl192/run_summary.json,results/a2estack_a2estacks_0716v1_20260716_024250_phaseformer_weather_l96_h192_s2021_PhaseFormerAsy2Echo_custom_ftM_sl96_pl192_cycle144_seed2021/metrics_summary.csv,checkpoints/asy2echo_stacks/a2estack_a2estacks_0716v1_20260716_024250_phaseformer_weather_l96_h192_s2021_PhaseFormerAsy2Echo_custom_ftM_sl96_pl192_cycle144_seed2021/checkpoint.pth,,a2estacks_0716v1_20260716_024250,96f8a84ac3ac894c5825555a597d79e2d03f01d91f09bacefd3e078e9f32829d
ok,phaseformer,weather,96,336,2021,0.2829121947288513,0.2721744410533073,-0.010737753675544026,-3.7954368442248674,0.2967873215675354,0.29426370953864733,0.5619574148434779,3106,1149,4255,36.99291693496458,3106,4255,0.21747252345085144,0.001,0.005,huber,,,24,8,2,852.3866155147552,0.18357910633507732,38.220703125,81.826171875,10204,28799618,COMPLETED,00:14:27,28799619,COMPLETED,00:00:14,/scratch3/lin250/bldgFM/DUBABA/AsySpecX/baseline_2026_results/iclr26_baselines_l96_0716v1/phaseformer/weather/phaseformer_weather_sl96_pl336/run_summary.json,results/a2estack_a2estacks_0716v1_20260716_024250_phaseformer_weather_l96_h336_s2021_PhaseFormerAsy2Echo_custom_ftM_sl96_pl336_cycle144_seed2021/metrics_summary.csv,checkpoints/asy2echo_stacks/a2estack_a2estacks_0716v1_20260716_024250_phaseformer_weather_l96_h336_s2021_PhaseFormerAsy2Echo_custom_ftM_sl96_pl336_cycle144_seed2021/checkpoint.pth,,a2estacks_0716v1_20260716_024250,96f8a84ac3ac894c5825555a597d79e2d03f01d91f09bacefd3e078e9f32829d
ok,phaseformer,weather,96,720,2021,0.35947564244270325,0.3488641429656884,-0.01061149947701484,-2.9519383858410393,0.34557268023490906,0.3441194291669458,0.692930465983273,3250,1157,4407,35.6,3250,4407,0.2890048027038574,0.001,0.005,huber,,,24,8,2,625.0451943874359,0.1530515773092869,40.61572265625,86.9228515625,9820,28799620,COMPLETED,00:10:37,28799621,COMPLETED,00:00:09,/scratch3/lin250/bldgFM/DUBABA/AsySpecX/baseline_2026_results/iclr26_baselines_l96_0716v1/phaseformer/weather/phaseformer_weather_sl96_pl720/run_summary.json,results/a2estack_a2estacks_0716v1_20260716_024250_phaseformer_weather_l96_h720_s2021_PhaseFormerAsy2Echo_custom_ftM_sl96_pl720_cycle144_seed2021/metrics_summary.csv,checkpoints/asy2echo_stacks/a2estack_a2estacks_0716v1_20260716_024250_phaseformer_weather_l96_h720_s2021_PhaseFormerAsy2Echo_custom_ftM_sl96_pl720_cycle144_seed2021/checkpoint.pth,,a2estacks_0716v1_20260716_024250,96f8a84ac3ac894c5825555a597d79e2d03f01d91f09bacefd3e078e9f32829d
ok,phaseformer,weather,720,96,2021,0.14861983060836792,0.14907023115442591,0.00045040054605799407,0.30305548338623567,0.19356034696102142,0.19594922600692843,0.38771215145779453,5616,3441,9057,61.27136752136752,5616,9057,0.05409015715122223,0.001,0.005,huber,,,24,8,3,352.58235144615173,0.21969039559903636,40.34814453125,91.24365234375,10444,28799622,COMPLETED,00:06:05,28799623,COMPLETED,00:00:16,/scratch3/lin250/bldgFM/DUBABA/AsySpecX/baseline_2026_results/iclr26_baselines_0713v1/phaseformer/weather/phaseformer_weather_sl720_pl96/run_summary.json,results/a2estack_a2estacks_0716v1_20260716_024250_phaseformer_weather_l720_h96_s2021_PhaseFormerAsy2Echo_custom_ftM_sl720_pl96_cycle144_seed2021/metrics_summary.csv,checkpoints/asy2echo_stacks/a2estack_a2estacks_0716v1_20260716_024250_phaseformer_weather_l720_h96_s2021_PhaseFormerAsy2Echo_custom_ftM_sl720_pl96_cycle144_seed2021/checkpoint.pth,,a2estacks_0716v1_20260716_024250,96f8a84ac3ac894c5825555a597d79e2d03f01d91f09bacefd3e078e9f32829d
ok,phaseformer,weather,720,192,2021,0.19274400174617767,0.19104380519539765,-0.0017001965507800199,-0.8821008879015539,0.23646798729896545,0.23754399619724803,0.4464851371692737,3702,3641,7343,98.35224203133441,3702,7343,0.12270590662956238,0.001,0.005,huber,,,24,8,2,381.6285355091095,0.18830443311239306,40.86279296875,85.09033203125,10348,28799624,COMPLETED,00:06:34,28799625,COMPLETED,00:00:14,/scratch3/lin250/bldgFM/DUBABA/AsySpecX/baseline_2026_results/iclr26_baselines_0713v1/phaseformer/weather/phaseformer_weather_sl720_pl192/run_summary.json,results/a2estack_a2estacks_0716v1_20260716_024250_phaseformer_weather_l720_h192_s2021_PhaseFormerAsy2Echo_custom_ftM_sl720_pl192_cycle144_seed2021/metrics_summary.csv,checkpoints/asy2echo_stacks/a2estack_a2estacks_0716v1_20260716_024250_phaseformer_weather_l720_h192_s2021_PhaseFormerAsy2Echo_custom_ftM_sl720_pl192_cycle144_seed2021/checkpoint.pth,,a2estacks_0716v1_20260716_024250,96f8a84ac3ac894c5825555a597d79e2d03f01d91f09bacefd3e078e9f32829d
ok,phaseformer,weather,720,336,2021,0.24509696662425995,0.24152478935976301,-0.003572177264496934,-1.457454701988693,0.2801257371902466,0.2775170379074198,0.5125342761554337,3756,3645,7401,97.04472843450479,3756,7401,0.12338542938232422,0.001,0.005,huber,,,24,8,2,538.1132049560547,0.1875926048273271,41.65966796875,86.818359375,10204,28799626,COMPLETED,00:09:58,28799627,COMPLETED,00:00:15,/scratch3/lin250/bldgFM/DUBABA/AsySpecX/baseline_2026_results/iclr26_baselines_0713v1/phaseformer/weather/phaseformer_weather_sl720_pl336/run_summary.json,results/a2estack_a2estacks_0716v1_20260716_024250_phaseformer_weather_l720_h336_s2021_PhaseFormerAsy2Echo_custom_ftM_sl720_pl336_cycle144_seed2021/metrics_summary.csv,checkpoints/asy2echo_stacks/a2estack_a2estacks_0716v1_20260716_024250_phaseformer_weather_l720_h336_s2021_PhaseFormerAsy2Echo_custom_ftM_sl720_pl336_cycle144_seed2021/checkpoint.pth,,a2estacks_0716v1_20260716_024250,96f8a84ac3ac894c5825555a597d79e2d03f01d91f09bacefd3e078e9f32829d
ok,phaseformer,weather,720,720,2021,0.32080233097076416,0.31171979775801967,-0.009082533212744492,-2.83119302321161,0.3350319564342499,0.32923777692488365,0.6038871787648128,3900,3653,7553,93.66666666666667,3900,7553,0.07698056101799011,0.001,0.005,huber,,,24,8,2,240.35786819458008,0.18568634028999845,43.93017578125,91.4228515625,9820,28799628,COMPLETED,00:04:13,28799629,COMPLETED,00:00:15,/scratch3/lin250/bldgFM/DUBABA/AsySpecX/baseline_2026_results/iclr26_baselines_0713v1/phaseformer/weather/phaseformer_weather_sl720_pl720/run_summary.json,results/a2estack_a2estacks_0716v1_20260716_024250_phaseformer_weather_l720_h720_s2021_PhaseFormerAsy2Echo_custom_ftM_sl720_pl720_cycle144_seed2021/metrics_summary.csv,checkpoints/asy2echo_stacks/a2estack_a2estacks_0716v1_20260716_024250_phaseformer_weather_l720_h720_s2021_PhaseFormerAsy2Echo_custom_ftM_sl720_pl720_cycle144_seed2021/checkpoint.pth,,a2estacks_0716v1_20260716_024250,96f8a84ac3ac894c5825555a597d79e2d03f01d91f09bacefd3e078e9f32829d
ok,phaseformer,electricity,96,96,2021,0.18439264595508575,0.15744706845614537,-0.026945577498940387,-14.613151928794263,0.25876283645629883,0.2475215635928362,0.1374232567613565,3016,1269,4285,42.07559681697613,3016,4285,0.24383264780044556,0.002,0.005,huber,,,24,8,2,448.2056453227997,0.17007436677236526,103.02685546875,291.8134765625,5165,28799630,COMPLETED,00:07:56,28799631,COMPLETED,00:01:43,/scratch3/lin250/bldgFM/DUBABA/AsySpecX/baseline_2026_results/iclr26_baselines_l96_0716v1/phaseformer/electricity/phaseformer_electricity_sl96_pl96/run_summary.json,results/a2estack_a2estacks_0716v1_20260716_024250_phaseformer_electricity_l96_h96_s2021_PhaseFormerAsy2Echo_custom_ftM_sl96_pl96_cycle168_seed2021/metrics_summary.csv,checkpoints/asy2echo_stacks/a2estack_a2estacks_0716v1_20260716_024250_phaseformer_electricity_l96_h96_s2021_PhaseFormerAsy2Echo_custom_ftM_sl96_pl96_cycle168_seed2021/checkpoint.pth,,a2estacks_0716v1_20260716_024250,96f8a84ac3ac894c5825555a597d79e2d03f01d91f09bacefd3e078e9f32829d
ok,phaseformer,electricity,96,192,2021,0.17802974581718445,0.1642063528405958,-0.013823392976588661,-7.764653548842143,0.2567254602909088,0.25233638887816773,0.14203843046317755,269832,1565,271397,0.5799905126152569,269832,271397,0.6587215065956116,0.001,0.005,huber,,,24,128,1,555.3719699382782,0.3743080264642691,786.8779296875,1640.42578125,5069,28815030,COMPLETED,00:09:30,28815031,COMPLETED,00:00:17,/scratch3/lin250/bldgFM/DUBABA/AsySpecX/baseline_2026_results/iclr26_baselines_l96_0716v1/phaseformer/electricity/phaseformer_electricity_sl96_pl192/run_summary.json,results/a2estack_a2estacks_phasee_fix0716v1_20260716_142824_phaseformer_electricity_l96_h192_s2021_PhaseFormerAsy2Echo_custom_ftM_sl96_pl192_cycle168_seed2021/metrics_summary.csv,checkpoints/asy2echo_stacks/a2estack_a2estacks_phasee_fix0716v1_20260716_142824_phaseformer_electricity_l96_h192_s2021_PhaseFormerAsy2Echo_custom_ftM_sl96_pl192_cycle168_seed2021/checkpoint.pth,,a2estacks_phasee_fix0716v1_20260716_142824,42af603a8789ab9a480d18d485f4104d4f5edfce7ef3190bd5724b196e00250c
ok,phaseformer,electricity,96,336,2021,0.2067832499742508,0.18724080215369543,-0.019542447820555364,-9.450691882920324,0.28293779492378235,0.2760092947962791,0.1640446440597359,3106,1565,4671,50.38634900193175,3106,4671,0.573590874671936,0.001,0.005,huber,,,24,8,2,600.722621679306,0.2584903246633292,124.07958984375,328.14013671875,4925,28815032,COMPLETED,00:10:15,28815033,COMPLETED,00:00:15,/scratch3/lin250/bldgFM/DUBABA/AsySpecX/baseline_2026_results/iclr26_baselines_l96_0716v1/phaseformer/electricity/phaseformer_electricity_sl96_pl336/run_summary.json,results/a2estack_a2estacks_phasee_fix0716v1_20260716_142824_phaseformer_electricity_l96_h336_s2021_PhaseFormerAsy2Echo_custom_ftM_sl96_pl336_cycle168_seed2021/metrics_summary.csv,checkpoints/asy2echo_stacks/a2estack_a2estacks_phasee_fix0716v1_20260716_142824_phaseformer_electricity_l96_h336_s2021_PhaseFormerAsy2Echo_custom_ftM_sl96_pl336_cycle168_seed2021/checkpoint.pth,,a2estacks_phasee_fix0716v1_20260716_142824,42af603a8789ab9a480d18d485f4104d4f5edfce7ef3190bd5724b196e00250c
ok,phaseformer,electricity,96,720,2021,0.23428267240524292,0.2220752727346957,-0.012207399670547209,-5.210543120932073,0.3066548705101013,0.3029656630313891,0.19214601134922935,272670,1577,274247,0.5783547878387795,272670,274247,-0.15386687219142914,0.001,0.005,huber,,,24,128,1,574.0184195041656,0.38029882233229745,827.87744140625,1670.54833984375,4541,28815034,COMPLETED,00:09:49,28815035,COMPLETED,00:00:14,/scratch3/lin250/bldgFM/DUBABA/AsySpecX/baseline_2026_results/iclr26_baselines_l96_0716v1/phaseformer/electricity/phaseformer_electricity_sl96_pl720/run_summary.json,results/a2estack_a2estacks_phasee_fix0716v1_20260716_142824_phaseformer_electricity_l96_h720_s2021_PhaseFormerAsy2Echo_custom_ftM_sl96_pl720_cycle168_seed2021/metrics_summary.csv,checkpoints/asy2echo_stacks/a2estack_a2estacks_phasee_fix0716v1_20260716_142824_phaseformer_electricity_l96_h720_s2021_PhaseFormerAsy2Echo_custom_ftM_sl96_pl720_cycle168_seed2021/checkpoint.pth,,a2estacks_phasee_fix0716v1_20260716_142824,42af603a8789ab9a480d18d485f4104d4f5edfce7ef3190bd5724b196e00250c
ok,phaseformer,electricity,720,96,2021,0.1284646838903427,0.12746012032977655,-0.001004563560566163,-0.7819764390839564,0.22031667828559875,0.22072947146095256,0.10800153416698462,3666,3765,7431,102.70049099836334,3666,7431,0.0773048996925354,0.002,0.005,huber,,,24,8,2,824.297262430191,0.2259433878962553,152.80859375,367.205078125,5165,28799638,COMPLETED,00:13:59,28799639,COMPLETED,00:00:16,/scratch3/lin250/bldgFM/DUBABA/AsySpecX/baseline_2026_results/iclr26_baselines_0713v1/phaseformer/electricity/phaseformer_electricity_sl720_pl96/run_summary.json,results/a2estack_a2estacks_0716v1_20260716_024250_phaseformer_electricity_l720_h96_s2021_PhaseFormerAsy2Echo_custom_ftM_sl720_pl96_cycle168_seed2021/metrics_summary.csv,checkpoints/asy2echo_stacks/a2estack_a2estacks_0716v1_20260716_024250_phaseformer_electricity_l720_h96_s2021_PhaseFormerAsy2Echo_custom_ftM_sl720_pl96_cycle168_seed2021/checkpoint.pth,,a2estacks_0716v1_20260716_024250,96f8a84ac3ac894c5825555a597d79e2d03f01d91f09bacefd3e078e9f32829d
ok,phaseformer,electricity,720,192,2021,0.14652885496616364,0.14453914436763923,-0.0019897105985244024,-1.3578967767023535,0.23618851602077484,0.23477092788070866,0.12035094103995764,273160,4061,277221,1.486674476497291,273160,277221,0.5720010995864868,0.001,0.005,huber,,,24,128,1,545.4810001850128,0.3645347214869245,823.8056640625,1665.796875,5069,28815036,COMPLETED,00:09:18,28815037,COMPLETED,00:00:14,/scratch3/lin250/bldgFM/DUBABA/AsySpecX/baseline_2026_results/iclr26_baselines_0713v1/phaseformer/electricity/phaseformer_electricity_sl720_pl192/run_summary.json,results/a2estack_a2estacks_phasee_fix0716v1_20260716_142824_phaseformer_electricity_l720_h192_s2021_PhaseFormerAsy2Echo_custom_ftM_sl720_pl192_cycle168_seed2021/metrics_summary.csv,checkpoints/asy2echo_stacks/a2estack_a2estacks_phasee_fix0716v1_20260716_142824_phaseformer_electricity_l720_h192_s2021_PhaseFormerAsy2Echo_custom_ftM_sl720_pl192_cycle168_seed2021/checkpoint.pth,,a2estacks_phasee_fix0716v1_20260716_142824,42af603a8789ab9a480d18d485f4104d4f5edfce7ef3190bd5724b196e00250c
ok,phaseformer,electricity,720,336,2021,0.16611619293689728,0.16407484999703997,-0.0020413429398573046,-1.2288645096945796,0.2581985294818878,0.2582107784303576,0.14007830793395987,3756,4061,7817,108.12034078807241,3756,7817,0.2517547607421875,0.001,0.005,huber,,,24,8,2,540.9351365566254,0.28083166741023813,171.9677734375,405.42724609375,4925,28815038,COMPLETED,00:09:12,28815039,COMPLETED,00:00:19,/scratch3/lin250/bldgFM/DUBABA/AsySpecX/baseline_2026_results/iclr26_baselines_0713v1/phaseformer/electricity/phaseformer_electricity_sl720_pl336/run_summary.json,results/a2estack_a2estacks_phasee_fix0716v1_20260716_142824_phaseformer_electricity_l720_h336_s2021_PhaseFormerAsy2Echo_custom_ftM_sl720_pl336_cycle168_seed2021/metrics_summary.csv,checkpoints/asy2echo_stacks/a2estack_a2estacks_phasee_fix0716v1_20260716_142824_phaseformer_electricity_l720_h336_s2021_PhaseFormerAsy2Echo_custom_ftM_sl720_pl336_cycle168_seed2021/checkpoint.pth,,a2estacks_phasee_fix0716v1_20260716_142824,42af603a8789ab9a480d18d485f4104d4f5edfce7ef3190bd5724b196e00250c
ok,phaseformer,electricity,720,720,2021,0.19881898164749146,0.19594811345567756,-0.0028708681918138967,-1.4439608170330447,0.28455981612205505,0.28372927449076396,0.1670442762941304,275998,4073,280071,1.475735331415445,275998,280071,0.4420919418334961,0.001,0.005,huber,,,24,128,1,564.0773024559021,0.37999878387485564,864.69189453125,1695.99462890625,4541,28815040,COMPLETED,00:09:38,28815041,COMPLETED,00:00:19,/scratch3/lin250/bldgFM/DUBABA/AsySpecX/baseline_2026_results/iclr26_baselines_0713v1/phaseformer/electricity/phaseformer_electricity_sl720_pl720/run_summary.json,results/a2estack_a2estacks_phasee_fix0716v1_20260716_142824_phaseformer_electricity_l720_h720_s2021_PhaseFormerAsy2Echo_custom_ftM_sl720_pl720_cycle168_seed2021/metrics_summary.csv,checkpoints/asy2echo_stacks/a2estack_a2estacks_phasee_fix0716v1_20260716_142824_phaseformer_electricity_l720_h720_s2021_PhaseFormerAsy2Echo_custom_ftM_sl720_pl720_cycle168_seed2021/checkpoint.pth,,a2estacks_phasee_fix0716v1_20260716_142824,42af603a8789ab9a480d18d485f4104d4f5edfce7ef3190bd5724b196e00250c
