dataset,pred_len,Compact + Echo MSE,Compact + Echo MAE,Compact + Echo Params,TQNet MSE,TQNet MAE,TQNet Params,CycleNet MSE,CycleNet MAE,CycleNet Params,FITS MSE,FITS MAE,FITS Params,SparseTSF MSE,SparseTSF MAE,SparseTSF Params,FreTS MSE,FreTS MAE,FreTS Params,FilterNet MSE,FilterNet MAE,FilterNet Params,iTransformer MSE,iTransformer MAE,iTransformer Params,PatchTST MSE,PatchTST MAE,PatchTST Params,DLinear MSE,DLinear MAE,DLinear Params,MixLinear MSE,MixLinear MAE,MixLinear Params,PhaseFormer MSE,PhaseFormer MAE,PhaseFormer Params,FreqCycle MSE,FreqCycle MAE,FreqCycle Params
ETTh1,96,0.3528043852106795,0.391402503040677,6146,0.3779054284095764,0.4035109281539917,3020360,0.3799045979976654,0.40370243787765503,69384,0.37906983494758606,0.4020942449569702,37310,0.3791796565055847,0.4137553870677948,145,0.4557300806045532,0.47059890627861023,23684064,0.4004894196987152,0.42628613114356995,209982,0.3960539400577545,0.4271228313446045,1001312,0.38734200596809387,0.4175139367580414,156224,0.4074092209339142,0.4323776960372925,138432,0.37407511472702026,0.4099274277687073,67,0.36683531186571705,0.38909442969084695,2072,0.3761642448534256,0.408509514137072,252832
ETTh1,192,0.38875871877556606,0.4133553489437579,6274,0.4141155779361725,0.42972567677497864,3069608,0.4143056273460388,0.4239436388015747,138600,0.41361215710639954,0.4225175678730011,41678,0.4029437005519867,0.41150444746017456,265,0.47743508219718933,0.4779393672943115,23708736,0.4306679666042328,0.4501361846923828,234654,0.4344436228275299,0.45496997237205505,1025984,0.4168654978275299,0.4354951083660126,294560,0.4383701980113983,0.449484646320343,276864,0.409694641828537,0.4362536668777466,87,0.3972869447343962,0.4085069641278778,2092,0.4074214292585804,0.42838704570186187,277600
ETTh1,336,0.4175164320685205,0.43063318348536483,6466,0.455739289522171,0.455806702375412,3143480,0.4455920159816742,0.4437824487686157,242424,0.43292757868766785,0.43993228673934937,48230,0.4345642328262329,0.4278177320957184,445,0.5327762961387634,0.5147860050201416,23745744,0.4505031406879425,0.46356743574142456,271662,0.4941021203994751,0.49454429745674133,3698512,0.4494304955005646,0.45870718359947205,502064,0.46796172857284546,0.4713420271873474,484512,0.41350579261779785,0.43624699115753174,111,0.42069972497236074,0.42183714006421885,2122,0.45578015727498766,0.46149956654164304,1126528
ETTh1,720,0.4358386222735263,0.4578737296699502,6978,0.5055779814720154,0.5041306018829346,3340472,0.47718533873558044,0.4819819927215576,519288,0.43090853095054626,0.45682865381240845,65884,0.42561429738998413,0.4450589716434479,925,0.5945382118225098,0.5498382449150085,23844432,0.502188503742218,0.5007496476173401,370350,0.5749146342277527,0.5505433082580566,3895504,0.47029203176498413,0.48533669114112854,1055408,0.5079513192176819,0.5209159255027771,1038240,0.42420992255210876,0.4573168456554413,167,0.42282657818554875,0.44440911633925306,60762,0.4867874891367912,0.49520079611366524,1520512
ETTh2,96,0.27183636185586063,0.33622367132836944,6146,0.2887498438358307,0.35072454810142517,3020360,0.27115511894226074,0.337828665971756,69384,0.27274051308631897,0.3382429778575897,37310,0.28404802083969116,0.3423610031604767,145,0.3707292079925537,0.4145609140396118,23684064,0.3217521905899048,0.3762148320674896,209982,0.3086549937725067,0.3621634840965271,304096,0.2772338092327118,0.3396688997745514,156224,0.3480552136898041,0.4015803039073944,138432,0.28609880805015564,0.3452703654766083,87,0.28082173777457065,0.3420242965856847,1716,0.28375551100771296,0.3449739611589283,252832
ETTh2,192,0.34257065129629816,0.38434614478579954,6274,0.36291444301605225,0.39711615443229675,3069608,0.3313729465007782,0.3797982335090637,138600,0.33196765184402466,0.37570351362228394,41678,0.34183478355407715,0.3785141110420227,265,0.5145644545555115,0.4894672632217407,23708736,0.37776389718055725,0.4094568192958832,234654,0.38932549953460693,0.41134998202323914,316480,0.3519377112388611,0.3888952434062958,294560,0.38725677132606506,0.4228920042514801,276864,0.3425609767436981,0.37977486848831177,107,0.34368438444588867,0.3825884273653326,1752,0.35394702042991477,0.39308966036211757,277600
ETTh2,336,0.3788769690770103,0.41448211134220886,6466,0.3828412592411041,0.41631078720092773,3143480,0.3668234050273895,0.4114667773246765,242424,0.3548415005207062,0.39678412675857544,48230,0.3661781847476959,0.4016106426715851,445,0.5026333928108215,0.4981009066104889,23745744,0.40695375204086304,0.43629100918769836,271662,0.4855862259864807,0.47082096338272095,335056,0.3638736605644226,0.4047430157661438,502064,0.570676326751709,0.5266774892807007,484512,0.3601621091365814,0.39837104082107544,131,0.37291029008701454,0.40806764040988774,1806,0.38029544764733003,0.4203060562392038,1126528
ETTh2,720,0.4107922921275708,0.4471098261938487,6978,0.4228421449661255,0.45209822058677673,3340472,0.4179643392562866,0.45116937160491943,519288,0.3782028257846832,0.42392873764038086,65884,0.3816608488559723,0.42367666959762573,925,0.8486284017562866,0.6630163192749023,23844432,0.42345696687698364,0.451883465051651,370350,0.4310358762741089,0.46062490344047546,384592,0.396075040102005,0.4358846843242645,1055408,0.7751088738441467,0.6260589957237244,1038240,0.3805728256702423,0.42355766892433167,187,0.4059946719379988,0.4406318914845568,718,0.41944466466771874,0.4498965471413718,1520512
ETTm1,96,0.288290250063404,0.3422012131529091,10426,0.2986374795436859,0.35090240836143494,3020864,0.3093375861644745,0.35583487153053284,69888,0.3188023865222931,0.35981908440589905,2112,0.3385867476463318,0.3711400032043457,145,0.36896827816963196,0.38762760162353516,23684064,0.320210725069046,0.36763253808021545,209982,0.31721365451812744,0.37108859419822693,304096,0.29760363698005676,0.3523174524307251,1517152,0.31389403343200684,0.3563418984413147,138432,0.33563119173049927,0.37527450919151306,653,0.3053578749152823,0.35166851241709385,3666,0.2970054792030497,0.3528414653657353,253336
ETTm1,192,0.32585606796890215,0.36451246202562354,10490,0.3308126628398895,0.3722689151763916,3070112,0.33956289291381836,0.37396177649497986,139104,0.34534579515457153,0.3743635416030884,2376,0.36108458042144775,0.3823169767856598,265,0.4003933072090149,0.42054328322410583,23708736,0.3602975010871887,0.38974472880363464,234654,0.34846290946006775,0.3873361051082611,316480,0.33582746982574463,0.3738658130168915,2623168,0.34316131472587585,0.37610408663749695,276864,0.3530093729496002,0.383041113615036,863,0.32924923462942507,0.36400617675608665,3702,0.33381343302802186,0.37340903933586833,278104
ETTm1,336,0.35571871095958196,0.38220478923143136,10554,0.37157607078552246,0.3963717520236969,3143984,0.3641086220741272,0.387827068567276,242928,0.37235257029533386,0.3899894654750824,2772,0.3762289881706238,0.39092615246772766,445,0.4148719906806946,0.4258573651313782,23745744,0.38700515031814575,0.4022761583328247,271662,0.37996354699134827,0.4072243571281433,335056,0.36382463574409485,0.39491942524909973,4282192,0.37182700634002686,0.39314696192741394,484512,0.3919742703437805,0.40890514850616455,1121,0.36209356748023186,0.38296277483523167,1806,0.37142398440746227,0.39404398784531763,315256
ETTm1,720,0.40520507211021006,0.40904080041888824,10682,0.43777579069137573,0.4331223964691162,3340976,0.4093974232673645,0.41126078367233276,519792,0.4203034043312073,0.4157411456108093,3784,0.42289260029792786,0.41502055525779724,925,0.4764655530452728,0.4650174677371979,23844432,0.43667763471603394,0.4262752830982208,370350,0.44203829765319824,0.44574812054634094,384592,0.4156937301158905,0.4180508852005005,8706256,0.42246609926223755,0.4216175675392151,1038240,0.42960551381111145,0.42673730850219727,1733,0.4152755834713985,0.4122993853738193,3900,0.42364218956291,0.42031713161882805,414328
ETTm2,96,0.1602366646226315,0.25003215846101945,10426,0.17146673798561096,0.2624165415763855,3020864,0.1597035527229309,0.2496950775384903,69888,0.16739100217819214,0.25845155119895935,2112,0.17622493207454681,0.26380181312561035,145,0.17445601522922516,0.26340344548225403,23684064,0.18691499531269073,0.2752159833908081,209982,0.18659758567810059,0.28062236309051514,304096,0.16342592239379883,0.2544896602630615,1517152,0.16871094703674316,0.26194196939468384,138432,0.16674456000328064,0.2568809390068054,653,0.16878746210146844,0.2574966606491379,3666,0.16493782530060144,0.2560801600607425,253336
ETTm2,192,0.21364361760195869,0.28839408727767046,10490,0.22500082850456238,0.2988210916519165,3070112,0.2140214443206787,0.2885828912258148,139104,0.2208792269229889,0.2948889136314392,2376,0.22570571303367615,0.29754388332366943,265,0.2562311887741089,0.31118595600128174,23708736,0.23529069125652313,0.30522799491882324,234654,0.2423819899559021,0.3154045343399048,316480,0.21801498532295227,0.29457592964172363,2623168,0.28141874074935913,0.3610976040363312,276864,0.22234834730625153,0.2971177399158478,863,0.22705235778015842,0.3013958848988041,1752,0.232964378064326,0.30398034119897205,278104
ETTm2,336,0.26811824283771507,0.32568922316369914,10554,0.2821178436279297,0.33685624599456787,3143984,0.2693482041358948,0.3256162703037262,242928,0.2718510627746582,0.32884758710861206,2772,0.2746334671974182,0.3298884630203247,445,0.30655649304389954,0.3539564311504364,23745744,0.2916852831840515,0.34817129373550415,271662,0.30280736088752747,0.35462406277656555,335056,0.26922571659088135,0.3285997211933136,4282192,0.2988881468772888,0.3606742322444916,484512,0.27105197310447693,0.32762411236763,1121,0.27777100951800937,0.33070541764270167,1806,0.2743032627902462,0.3314030488875804,315256
ETTm2,720,0.35354117983555033,0.3845971089957836,10682,0.37288898229599,0.39936187863349915,3340976,0.3579799234867096,0.38407352566719055,519792,0.35144495964050293,0.3798040747642517,3784,0.355662077665329,0.38073480129241943,925,0.39043959975242615,0.4098762571811676,23844432,0.3663069009780884,0.3985232710838318,370350,0.38059571385383606,0.40435343980789185,384592,0.35128718614578247,0.3804495334625244,8706256,0.4505883753299713,0.4552929401397705,1038240,0.35205966234207153,0.37995073199272156,1733,0.35222738315173197,0.37989953443658614,1950,0.35915100628029467,0.38405713169943806,414328
weather,96,0.13868557605467655,0.18969989269860243,6126,0.1549634486436844,0.20761480927467346,3023216,0.16416355967521667,0.2196582853794098,72240,0.17357486486434937,0.22936281561851501,1120,0.1802700012922287,0.2365075945854187,145,0.15549831092357635,0.21914157271385193,23684064,0.15866126120090485,0.21351312100887299,139274,0.18142440915107727,0.23175014555454254,5153376,0.1517416089773178,0.20334701240062714,1517152,0.17131155729293823,0.23299820721149445,138432,0.17508280277252197,0.23090596497058868,203,0.14861983060836792,0.19356034696102142,5616,0.1471955227980287,0.20204465905476846,244858
weather,192,0.1816932686245894,0.23105610236359878,15262,0.20860981941223145,0.25618526339530945,3072464,0.20949116349220276,0.25799620151519775,141456,0.2152470201253891,0.2632787823677063,1248,0.2194487303495407,0.26734650135040283,265,0.20071247220039368,0.262688547372818,23708736,0.19939637184143066,0.24975721538066864,151658,0.232009619474411,0.2711865305900574,5202624,0.19503802061080933,0.24352572858333588,2623168,0.21318824589252472,0.26852819323539734,276864,0.21804451942443848,0.26796767115592957,307,0.19274400174617767,0.23646798729896545,3702,0.1911690479094778,0.24393977980156745,269626
weather,336,0.23229967296845855,0.2714597343543076,17566,0.26260775327682495,0.29763278365135193,3146336,0.2557961046695709,0.29278653860092163,245280,0.25971662998199463,0.2964123785495758,1440,0.2655036151409149,0.3023287355899811,445,0.24665631353855133,0.29744794964790344,23745744,0.2690029740333557,0.3035426735877991,170234,0.29379788041114807,0.31381893157958984,5276496,0.2447805404663086,0.2843873202800751,4282192,0.2571867108345032,0.29969510436058044,484512,0.2649969160556793,0.30421435832977295,463,0.24509696662425995,0.2801257371902466,3756,0.2440889127416601,0.28359402516673493,306778
weather,720,0.3038410676488539,0.32291982744970466,16110,0.32713600993156433,0.34377822279930115,3343328,0.320957750082016,0.3391593396663666,522144,0.32156896591186523,0.3402409851551056,1984,0.32388249039649963,0.34231430292129517,925,0.314802885055542,0.3491857945919037,23844432,0.34460127353668213,0.35278257727622986,219770,0.35792896151542664,0.35898298025131226,5473488,0.30982255935668945,0.33105552196502686,8706256,0.3176976442337036,0.35638299584388733,1038240,0.3257553279399872,0.3463296890258789,767,0.32080233097076416,0.3350319564342499,3900,0.31687949421136946,0.3346547821388621,405850
electricity,96,0.12729970469853819,0.2228328011579249,51746,0.14467470347881317,0.2483416646718979,3074120,0.12850621342658997,0.22351469099521637,123144,0.1417919546365738,0.2435220330953598,37310,0.13845622539520264,0.232941135764122,145,0.1308007538318634,0.22858230769634247,23684064,0.14399871230125427,0.2403172254562378,950498,0.13282805681228638,0.22597725689411163,5153376,0.12943749129772186,0.2245134562253952,1517152,0.13266582787036896,0.22931772470474243,138432,0.14968761801719666,0.24483129382133484,67,0.1284646838903427,0.22031667828559875,3666,0.12927038924104073,0.2253312169954945,306592
electricity,192,0.1448570644745957,0.23897098704736786,86754,0.16448409855365753,0.26711681485176086,3123368,0.14343416690826416,0.23733901977539062,192360,0.15625900030136108,0.25583693385124207,41678,0.15109550952911377,0.24496491253376007,265,0.14679290354251862,0.24324969947338104,23708736,0.17773137986660004,0.2707023620605469,999746,0.15493518114089966,0.2506368160247803,5202624,0.1477529202861975,0.24192687479228522,2623171,0.14708736538887024,0.24335002899169922,276864,0.16276034712791443,0.25682908296585083,87,0.14652885496616364,0.23618851602077484,273160,0.14684333855435916,0.24185368723943326,331360
electricity,336,0.16067349444387086,0.25599924141940406,95970,0.16995851695537567,0.26740190386772156,3197240,0.15949472784996033,0.25424695014953613,296184,0.1719021499156952,0.2712532579898834,48230,0.16615964472293854,0.2602103054523468,445,0.16752952756658823,0.2641076453141484,23745744,0.18075284361839294,0.2803776264190674,1073618,0.16701781749725342,0.2634674906730652,5276496,0.17117235886166063,0.26895248218978174,4282195,0.1623198390007019,0.26039621233940125,484512,0.1780269891023636,0.27206236124038696,111,0.16611619293689728,0.2581985294818878,3756,0.1628172531162216,0.2592874377356357,368512
electricity,720,0.1950067217112771,0.2862778513812786,67042,0.22622038424015045,0.3212098777294159,3394232,0.19765573740005493,0.28780966997146606,573048,0.210378497838974,0.3027832508087158,65884,0.2052305042743683,0.2943643033504486,925,0.19934892654418945,0.2982920706272125,23844432,0.20664073526859283,0.302337110042572,1270610,0.18633435666561127,0.279984712600708,5473488,0.19847363233566284,0.291259765625,8706256,0.1963992714881897,0.29348278045654297,1038240,0.21711865067481995,0.3046438992023468,167,0.19881898164749146,0.28455981612205505,275998,0.1985804229374034,0.2920381553182481,467584
traffic,96,0.3791753737633433,0.2632737343698492,20442,0.4005686640739441,0.29737457633018494,3165008,0.38230055570602417,0.2670319080352783,214032,0.39359763264656067,0.27951163053512573,37310,0.3893495500087738,0.26749545335769653,145,0.4316761123883106,0.33563776035383736,23684064,0.3535124659538269,0.25975045561790466,476956,0.3475149869918823,0.2503238916397095,6731360,0.3609218682395258,0.24901274929134723,1517155,0.42375263571739197,0.32832929491996765,138432,0.40646788477897644,0.2813977599143982,67,0.36367650116627165,0.23251590090348803,37154,0.4007659190399519,0.26944406975185897,397480
traffic,192,0.3947116324019857,0.27010288866242227,22810,0.4207238256931305,0.307436466217041,3214256,0.3943370282649994,0.27327027916908264,283248,0.4043581187725067,0.282828152179718,41678,0.39941394329071045,0.27055492997169495,265,0.4843250639194845,0.3725319505329575,23708736,0.37141746282577515,0.2685295641422272,501628,0.353252649307251,0.25689175724983215,6780608,0.38219149686592496,0.25839301257390795,2623171,0.4300711750984192,0.3262074589729309,276864,0.41904276609420776,0.28638288378715515,87,0.3800035359229216,0.24168152614878102,273160,0.42629155964786886,0.2754195329277771,422248
traffic,336,0.4085616788983479,0.2771064677909008,22810,0.40920355916023254,0.2872856557369232,3288128,0.406368613243103,0.27889689803123474,387072,0.4170425236225128,0.28800371289253235,48230,0.41098272800445557,0.2756803333759308,445,0.5409277510422811,0.4009363545614074,23745744,0.38520509004592896,0.2755923271179199,538636,0.36223262548446655,0.26402005553245544,6854480,0.4005949934543809,0.2681916257917805,4282195,0.4471653997898102,0.3368777930736542,484512,0.42973780632019043,0.29175639152526855,111,0.39231656874613763,0.24729469406519733,273934,0.4424196036318968,0.2965936464152503,459400
traffic,720,0.44010181575425694,0.2962034679624606,22906,0.45453715324401855,0.3107021450996399,3485120,0.4417615234851837,0.30020666122436523,663936,0.4544665515422821,0.3077138066291809,65884,0.4472768306732178,0.29571694135665894,925,0.8505027774870199,0.3220286768851508,23844432,0.4437009394168854,0.3068320155143738,637324,0.39537087082862854,0.28153422474861145,7051472,0.4336286044769836,0.28873348390488324,8706259,0.49559834599494934,0.3625485897064209,1038240,0.46593809127807617,0.31107035279273987,167,0.4332260233254217,0.2686510926802837,275998,0.5026392207876906,0.3104272163107142,558472
PEMS03,12,0.07086846307474438,0.18171387023644392,18458,0.08856990933418274,0.19552183151245117,3080204,0.07520744204521179,0.18702830374240875,111756,0.07539848238229752,0.17934943735599518,33123,0.10233944784111801,0.214922766781851,73,0.06497129797935486,0.17025333642959595,23662476,0.06613995879888535,0.16877569258213043,907480,0.06516961008310318,0.16816693544387817,5110284,0.06148708611726761,0.16305045783519745,549388,0.07481662184000015,0.1803612858057022,17304,0.11254777759313583,0.2252281755208969,41,0.0678580546304708,0.17355206185426253,4197,0.0640410773628973,0.1666450565454293,312436
PEMS03,24,0.09535556372440077,0.20843334605299293,18842,0.13363507390022278,0.23772375285625458,3086360,0.1053524762392044,0.2218151092529297,120408,0.10657844692468643,0.20949968695640564,33666,0.15946587920188904,0.2700903117656708,55,0.08520843833684921,0.19231054186820984,23665560,0.08495981991291046,0.18922345340251923,913636,0.07880288362503052,0.18316060304641724,5116440,0.07275600205709706,0.1746902643005523,687643,0.10782887786626816,0.21869443356990814,34608,0.1413731426000595,0.2470744103193283,59,0.08723587043695627,0.19560656078585553,4206,0.08075768723542702,0.1849073032077255,315532
PEMS03,48,0.14259041960803087,0.2486096146152004,19610,0.20436525344848633,0.3088461756706238,3098672,0.15221431851387024,0.26752376556396484,137712,0.151799276471138,0.24615390598773956,34752,0.1922236531972885,0.29692330956459045,85,0.1274552934880575,0.2311989246316849,23671728,0.10824501514434814,0.21098880469799042,925948,0.10137037932872772,0.20399664342403412,5128752,0.09922690385262763,0.20124511814461005,964147,0.17945067584514618,0.289299339056015,69216,0.1887115091085434,0.28485244512557983,63,0.11826480421711986,0.22551516171412597,4224,0.11524263440529187,0.21476758927195785,321724
PEMS03,96,0.1897673009900818,0.2821324065464851,21146,0.19802115857601166,0.3017347455024719,3123296,0.18867038190364838,0.29866084456443787,172320,0.18838022649288177,0.27086618542671204,36924,0.21502844989299774,0.31556466221809387,145,0.16681535346480475,0.2580413838808209,23684064,0.1376350224018097,0.23604021966457367,950572,0.12175160646438599,0.2197670042514801,5153376,0.13099422093123847,0.22859677562556535,1517155,0.21388407051563263,0.3215910494327545,138432,0.22624076902866364,0.31693753600120544,87,0.15254522504213705,0.257387892787628,4260,0.14951867033254462,0.2407056540567106,334108
PEMS04,12,0.09436471030896688,0.20931193776180437,18050,0.08703826367855072,0.20184464752674103,3065516,0.08983711153268814,0.20412392914295197,97068,0.09036911278963089,0.19867190718650818,33123,0.1209915548182947,0.238593732113019,73,0.07554565370082855,0.180230975151062,23662476,0.07029762864112854,0.1724882870912552,907378,0.07013235986232758,0.16940273344516754,5110284,0.07359769613475588,0.17646396853381482,549391,0.08843301981687546,0.19553729891777039,17304,0.12946712970733643,0.24780653417110443,41,0.08280135233613328,0.1924557815048815,4197,0.0683918486600019,0.16922653446648295,297748
PEMS04,24,0.12330782917563693,0.23974816391668238,18434,0.11435602605342865,0.23218375444412231,3071672,0.11381121724843979,0.23153270781040192,105720,0.12236500531435013,0.232039213180542,33666,0.17178677022457123,0.2847875952720642,55,0.09395701438188553,0.20287692546844482,23665560,0.0800919458270073,0.1839013695716858,913534,0.081697478890419,0.18237943947315216,5116440,0.08876952872521722,0.1942832943030963,687643,0.11942524462938309,0.22892966866493225,34608,0.15639154613018036,0.2698439061641693,59,0.1036885792941814,0.21751704261450383,4206,0.07838767265948489,0.18238657061945657,300844
PEMS04,48,0.1618806982864458,0.2752893087957104,19202,0.10272688418626785,0.21226757764816284,3083984,0.14789390563964844,0.2650597095489502,123024,0.16821438074111938,0.27215397357940674,34752,0.20007316768169403,0.3050800561904907,85,0.12125831097364426,0.2324039340019226,23671728,0.09207239747047424,0.19808535277843475,925846,0.0979863628745079,0.19804510474205017,5128752,0.10966388083925074,0.21515825134781122,964147,0.16304413974285126,0.2673012912273407,69216,0.20315802097320557,0.3079053461551666,63,0.1335009951175568,0.24580233067279908,4224,0.0948074132989541,0.20139303209625675,307036
PEMS04,96,0.18504525905869987,0.294773687024101,20738,0.17935089766979218,0.29027828574180603,3108608,0.1750640720129013,0.28820428252220154,157632,0.2049713432788849,0.2981323003768921,36924,0.2194763869047165,0.3168336749076843,145,0.14615653455257416,0.2569771111011505,23684064,0.10254647582769394,0.20986105501651764,950470,0.11047352850437164,0.21053695678710938,5153376,0.13002078757080485,0.23447188592366283,1517155,0.2023622840642929,0.30072155594825745,138432,0.2392214983701706,0.33523860573768616,87,0.16970117436458382,0.281233436876191,4260,0.11330152671434575,0.22118036525199242,319420
PEMS07,12,0.05892924384039734,0.15875065159936153,22658,0.07384729385375977,0.18429578840732574,3231404,0.06954091042280197,0.1759478896856308,262956,0.07093378156423569,0.17520470917224884,33123,0.09830628644175014,0.21420303758932796,73,0.05372739145736312,0.14818571853032897,23662476,0.05044269561767578,0.14407655596733093,908530,0.0508183054625988,0.14232032001018524,5110284,0.050725074988537115,0.14322391719959646,549391,0.07081689685583115,0.17578673362731934,17304,0.1059596911072731,0.22545121610164642,41,0.06117805770165243,0.16285722808605843,4197,0.0526622428645491,0.1456371610781522,463636
PEMS07,24,0.0774966855668883,0.18281010497005185,23042,0.1002604216337204,0.21391406655311584,3237560,0.09887592494487762,0.21104048192501068,271608,0.10097140073776245,0.20975251495838165,33666,0.1566871553659439,0.27207139134407043,55,0.07119951690879658,0.1740023823735556,23665560,0.05744682252407074,0.1520252376794815,914686,0.057001180946826935,0.150680273771286,5116440,0.060636495615954224,0.15729413006352896,687643,0.10238862782716751,0.2121521681547165,34608,0.13504089415073395,0.25158172845840454,59,0.07846342320013532,0.1860407292159666,4206,0.06255863328557235,0.15938097520116432,466732
PEMS07,48,0.10944684077952252,0.21054195457946204,23810,0.13223367929458618,0.24484936892986298,3249872,0.14592333137989044,0.2560296058654785,288912,0.14560727775096893,0.25153252482414246,34752,0.1886424869298935,0.2924180328845978,85,0.0996505433165409,0.20613076174774028,23671728,0.06628408282995224,0.16411350667476654,926998,0.06667272746562958,0.16374216973781586,5128752,0.07501870107850789,0.17430702065533735,964147,0.15218375623226166,0.25706642866134644,69216,0.18519821763038635,0.2959344685077667,63,0.1050843944507161,0.21549391966295456,4224,0.07788902230332866,0.17747912828315615,472924
PEMS07,96,0.14542394691488922,0.23378611744261504,25346,0.09888742119073868,0.2068236619234085,3274496,0.18957401812076569,0.2929568588733673,323520,0.1824604719877243,0.2809688150882721,36924,0.219548299908638,0.3152211010456085,145,0.1291357180272813,0.23572618302806025,23684064,0.07718772441148758,0.17944498360157013,951622,0.07427863776683807,0.17055124044418335,5153376,0.092500350881171,0.19202681258510443,1517155,0.20896412432193756,0.3029809594154358,138432,0.22459103167057037,0.3307376205921173,87,0.13735978775300198,0.24841952770488332,4260,0.09526286231503256,0.19665123151555347,485308
PEMS08,12,0.09566232418163911,0.20195257971424335,16954,0.09385275840759277,0.20095545053482056,3026060,0.0945669487118721,0.20309337973594666,57612,0.09290790557861328,0.19543179869651794,33123,0.1337532519167008,0.23792714050206484,73,0.07975803315639496,0.17831450700759888,23662476,0.07841119915246964,0.1785222738981247,907104,0.07074512541294098,0.16830581426620483,5110284,0.06613275408744812,0.16332192718982697,549388,0.09063225984573364,0.19360019266605377,17304,0.1467314213514328,0.2515944838523865,41,0.08976658210908406,0.18649451608552392,4197,0.07941706263509775,0.17917985840821785,258292
PEMS08,24,0.13397482836714947,0.23521458219719196,17338,0.15073838829994202,0.24371644854545593,3032216,0.1350373774766922,0.23750519752502441,66264,0.1423446238040924,0.23589201271533966,33666,0.22222337126731873,0.2994765341281891,55,0.10495799034833908,0.19860368967056274,23665560,0.10500699281692505,0.20287004113197327,913260,0.09163551777601242,0.18584401905536652,5116440,0.08865108582289143,0.18335811873743532,687643,0.13816384971141815,0.23525944352149963,34608,0.19505497813224792,0.27884432673454285,59,0.12305073972216103,0.21256708086024254,4206,0.09777911796358747,0.18755252919565593,261388
PEMS08,48,0.20384116085228468,0.2810940153027436,18106,1.1551166772842407,0.47038957476615906,3044528,0.21234673261642456,0.28579941391944885,83568,0.23687206208705902,0.2870992124080658,34752,0.3019939363002777,0.332109659910202,85,0.1516295224428177,0.23122622072696686,23671728,0.13487988710403442,0.21536202728748322,925572,0.13128557801246643,0.2059878557920456,5128752,0.13249480242823278,0.22148870136493043,964147,0.23718595504760742,0.30201593041419983,69216,0.2895500659942627,0.3263159692287445,63,0.19218243424175233,0.2465785358603656,4224,0.1338010830696267,0.2170851421448656,267580
PEMS08,96,0.28451040832234925,0.3169413031332138,19642,0.44992896914482117,0.4293591380119324,3069152,0.296398401260376,0.32383430004119873,118176,0.3452822268009186,0.32915326952934265,36924,0.37015610933303833,0.3586624562740326,145,0.2229904979467392,0.2656748294830322,23684064,0.16949985921382904,0.2211177796125412,950196,0.18622300028800964,0.21380466222763062,5153376,0.2088842228492648,0.26180561442366534,1517155,0.33454716205596924,0.3360522985458374,138432,0.38587576150894165,0.37472155690193176,87,0.278764932656823,0.28208792660716764,4260,0.19378175536033085,0.2483243062169418,279964
