task_id,model,dataset,seq_len,pred_len,seed,profile,config_source,completion_status,mse,mae,mape,rmse,param_count,t_train,t_inf,forward_ms_per_sample,test_peak_gpu_mem_mb,train_peak_gpu_mem_mb,n_test_samples,strict_eval,strict_protocol_version,result_dir,checkpoint_path,metrics_path,config_path,audit_error
0,PhaseFormer,ETTh1,96,96,2026,phase_p24_l3_d4_h1_r8,completion_0716v2_locked_profile,ok,0.37920286420944777,0.3911828108976939,9.071858123488898,0.6157944983591911,1500,153.198322057724,2.116771697998047,0.22384371677258083,33.95263671875,69.40673828125,2785,1,2,results/phaseformer_s2026_phaseformer_seed2026_0722v1_r2_20260722T142836_full_ETTh1_l96_h96_s2026_PhaseFormer_ETTh1_ftM_sl96_pl96_cycle24_seed2026,checkpoints/phaseformer_seed2026/phaseformer_seed2026_0722v1_r2_20260722T142836_full/phaseformer_s2026_phaseformer_seed2026_0722v1_r2_20260722T142836_full_ETTh1_l96_h96_s2026_PhaseFormer_ETTh1_ftM_sl96_pl96_cycle24_seed2026/checkpoint.pth,results/phaseformer_s2026_phaseformer_seed2026_0722v1_r2_20260722T142836_full_ETTh1_l96_h96_s2026_PhaseFormer_ETTh1_ftM_sl96_pl96_cycle24_seed2026/metrics_summary.csv,results/phaseformer_s2026_phaseformer_seed2026_0722v1_r2_20260722T142836_full_ETTh1_l96_h96_s2026_PhaseFormer_ETTh1_ftM_sl96_pl96_cycle24_seed2026/phaseformer_seed2026_config.json,
1,PhaseFormer,ETTh1,96,192,2026,phase_p24_l3_d4_h1_r8,completion_0716v2_locked_profile,ok,0.43504765678323526,0.41964304212976333,9.605471493626158,0.6595814254383118,1520,154.7389509677887,2.1083991527557373,0.22712209702981306,34.19287109375,69.595703125,2689,1,2,results/phaseformer_s2026_phaseformer_seed2026_0722v1_r2_20260722T142836_full_ETTh1_l96_h192_s2026_PhaseFormer_ETTh1_ftM_sl96_pl192_cycle24_seed2026,checkpoints/phaseformer_seed2026/phaseformer_seed2026_0722v1_r2_20260722T142836_full/phaseformer_s2026_phaseformer_seed2026_0722v1_r2_20260722T142836_full_ETTh1_l96_h192_s2026_PhaseFormer_ETTh1_ftM_sl96_pl192_cycle24_seed2026/checkpoint.pth,results/phaseformer_s2026_phaseformer_seed2026_0722v1_r2_20260722T142836_full_ETTh1_l96_h192_s2026_PhaseFormer_ETTh1_ftM_sl96_pl192_cycle24_seed2026/metrics_summary.csv,results/phaseformer_s2026_phaseformer_seed2026_0722v1_r2_20260722T142836_full_ETTh1_l96_h192_s2026_PhaseFormer_ETTh1_ftM_sl96_pl192_cycle24_seed2026/phaseformer_seed2026_config.json,
2,PhaseFormer,ETTh1,96,336,2026,phase_p24_l3_d4_h1_r8,completion_0716v2_locked_profile,ok,0.4703199958032298,0.4388321999728018,9.402540100562797,0.685798801255317,1550,156.78506064414978,2.0865066051483154,0.23383594731926508,34.55322265625,69.89453125,2545,1,2,results/phaseformer_s2026_phaseformer_seed2026_0722v1_r2_20260722T142836_full_ETTh1_l96_h336_s2026_PhaseFormer_ETTh1_ftM_sl96_pl336_cycle24_seed2026,checkpoints/phaseformer_seed2026/phaseformer_seed2026_0722v1_r2_20260722T142836_full/phaseformer_s2026_phaseformer_seed2026_0722v1_r2_20260722T142836_full_ETTh1_l96_h336_s2026_PhaseFormer_ETTh1_ftM_sl96_pl336_cycle24_seed2026/checkpoint.pth,results/phaseformer_s2026_phaseformer_seed2026_0722v1_r2_20260722T142836_full_ETTh1_l96_h336_s2026_PhaseFormer_ETTh1_ftM_sl96_pl336_cycle24_seed2026/metrics_summary.csv,results/phaseformer_s2026_phaseformer_seed2026_0722v1_r2_20260722T142836_full_ETTh1_l96_h336_s2026_PhaseFormer_ETTh1_ftM_sl96_pl336_cycle24_seed2026/phaseformer_seed2026_config.json,
3,PhaseFormer,ETTh1,96,720,2026,phase_p24_l3_d32_h2_r16,completion_0716v2_locked_profile,ok,0.4673344041049303,0.4466254323260923,8.598361217812835,0.6836186101218503,56550,186.42121934890747,1.993556261062622,0.2828927793667627,39.0654296875,91.57861328125,2161,1,2,results/phaseformer_s2026_phaseformer_seed2026_0722v1_r2_20260722T142836_full_ETTh1_l96_h720_s2026_PhaseFormer_ETTh1_ftM_sl96_pl720_cycle24_seed2026,checkpoints/phaseformer_seed2026/phaseformer_seed2026_0722v1_r2_20260722T142836_full/phaseformer_s2026_phaseformer_seed2026_0722v1_r2_20260722T142836_full_ETTh1_l96_h720_s2026_PhaseFormer_ETTh1_ftM_sl96_pl720_cycle24_seed2026/checkpoint.pth,results/phaseformer_s2026_phaseformer_seed2026_0722v1_r2_20260722T142836_full_ETTh1_l96_h720_s2026_PhaseFormer_ETTh1_ftM_sl96_pl720_cycle24_seed2026/metrics_summary.csv,results/phaseformer_s2026_phaseformer_seed2026_0722v1_r2_20260722T142836_full_ETTh1_l96_h720_s2026_PhaseFormer_ETTh1_ftM_sl96_pl720_cycle24_seed2026/phaseformer_seed2026_config.json,
4,PhaseFormer,ETTh2,96,96,2026,phase_p24_l1_d8_h1_r8,completion_0716v2_locked_profile,ok,0.28936055215802187,0.3380854227411665,1.4138265555568226,0.5379224406529457,1508,61.296597480773926,1.981269121170044,0.15434057530579182,34.1826171875,67.52294921875,2785,1,2,results/phaseformer_s2026_phaseformer_seed2026_0722v1_r2_20260722T142836_full_ETTh2_l96_h96_s2026_PhaseFormer_ETTh2_ftM_sl96_pl96_cycle24_seed2026,checkpoints/phaseformer_seed2026/phaseformer_seed2026_0722v1_r2_20260722T142836_full/phaseformer_s2026_phaseformer_seed2026_0722v1_r2_20260722T142836_full_ETTh2_l96_h96_s2026_PhaseFormer_ETTh2_ftM_sl96_pl96_cycle24_seed2026/checkpoint.pth,results/phaseformer_s2026_phaseformer_seed2026_0722v1_r2_20260722T142836_full_ETTh2_l96_h96_s2026_PhaseFormer_ETTh2_ftM_sl96_pl96_cycle24_seed2026/metrics_summary.csv,results/phaseformer_s2026_phaseformer_seed2026_0722v1_r2_20260722T142836_full_ETTh2_l96_h96_s2026_PhaseFormer_ETTh2_ftM_sl96_pl96_cycle24_seed2026/phaseformer_seed2026_config.json,
5,PhaseFormer,ETTh2,96,192,2026,phase_p24_l1_d8_h1_r8,completion_0716v2_locked_profile,ok,0.3692879828999754,0.3867700981756921,1.5343424849586986,0.6076906967364034,1544,59.90663123130798,1.9713308811187744,0.15911831301304502,34.4228515625,67.72216796875,2689,1,2,results/phaseformer_s2026_phaseformer_seed2026_0722v1_r2_20260722T142836_full_ETTh2_l96_h192_s2026_PhaseFormer_ETTh2_ftM_sl96_pl192_cycle24_seed2026,checkpoints/phaseformer_seed2026/phaseformer_seed2026_0722v1_r2_20260722T142836_full/phaseformer_s2026_phaseformer_seed2026_0722v1_r2_20260722T142836_full_ETTh2_l96_h192_s2026_PhaseFormer_ETTh2_ftM_sl96_pl192_cycle24_seed2026/checkpoint.pth,results/phaseformer_s2026_phaseformer_seed2026_0722v1_r2_20260722T142836_full_ETTh2_l96_h192_s2026_PhaseFormer_ETTh2_ftM_sl96_pl192_cycle24_seed2026/metrics_summary.csv,results/phaseformer_s2026_phaseformer_seed2026_0722v1_r2_20260722T142836_full_ETTh2_l96_h192_s2026_PhaseFormer_ETTh2_ftM_sl96_pl192_cycle24_seed2026/phaseformer_seed2026_config.json,
6,PhaseFormer,ETTh2,96,336,2026,phase_p24_l1_d8_h1_r8,completion_0716v2_locked_profile,ok,0.41242676066680056,0.42372518960664013,1.7468801679313077,0.6422046096586357,1598,65.56306004524231,1.321213722229004,0.11349610650631982,34.783203125,68.02099609375,2545,1,2,results/phaseformer_s2026_phaseformer_seed2026_0722v1_r2_20260722T142836_full_ETTh2_l96_h336_s2026_PhaseFormer_ETTh2_ftM_sl96_pl336_cycle24_seed2026,checkpoints/phaseformer_seed2026/phaseformer_seed2026_0722v1_r2_20260722T142836_full/phaseformer_s2026_phaseformer_seed2026_0722v1_r2_20260722T142836_full_ETTh2_l96_h336_s2026_PhaseFormer_ETTh2_ftM_sl96_pl336_cycle24_seed2026/checkpoint.pth,results/phaseformer_s2026_phaseformer_seed2026_0722v1_r2_20260722T142836_full_ETTh2_l96_h336_s2026_PhaseFormer_ETTh2_ftM_sl96_pl336_cycle24_seed2026/metrics_summary.csv,results/phaseformer_s2026_phaseformer_seed2026_0722v1_r2_20260722T142836_full_ETTh2_l96_h336_s2026_PhaseFormer_ETTh2_ftM_sl96_pl336_cycle24_seed2026/phaseformer_seed2026_config.json,
7,PhaseFormer,ETTh2,96,720,2026,phase_p24_l1_d4_h1_r4,completion_0716v2_locked_profile,ok,0.41670570071716334,0.4374676702369515,1.971322095905411,0.6455274593053059,614,77.30527091026306,1.4907150268554688,0.18826042718537606,35.35302734375,68.04833984375,2161,1,2,results/phaseformer_s2026_phaseformer_seed2026_0722v1_r2_20260722T142836_full_ETTh2_l96_h720_s2026_PhaseFormer_ETTh2_ftM_sl96_pl720_cycle24_seed2026,checkpoints/phaseformer_seed2026/phaseformer_seed2026_0722v1_r2_20260722T142836_full/phaseformer_s2026_phaseformer_seed2026_0722v1_r2_20260722T142836_full_ETTh2_l96_h720_s2026_PhaseFormer_ETTh2_ftM_sl96_pl720_cycle24_seed2026/checkpoint.pth,results/phaseformer_s2026_phaseformer_seed2026_0722v1_r2_20260722T142836_full_ETTh2_l96_h720_s2026_PhaseFormer_ETTh2_ftM_sl96_pl720_cycle24_seed2026/metrics_summary.csv,results/phaseformer_s2026_phaseformer_seed2026_0722v1_r2_20260722T142836_full_ETTh2_l96_h720_s2026_PhaseFormer_ETTh2_ftM_sl96_pl720_cycle24_seed2026/phaseformer_seed2026_config.json,
8,PhaseFormer,ETTm1,96,96,2026,phase_p24_l2_d8_h1_r8,completion_0716v2_locked_profile,ok,0.32893934069945596,0.35809968917313983,2.1265817243289766,0.5735323362282688,3016,427.8746576309204,3.7382278442382812,0.12415885964013164,34.40478515625,69.8095703125,11425,1,2,results/phaseformer_s2026_phaseformer_seed2026_0722v1_r2_20260722T142836_full_ETTm1_l96_h96_s2026_PhaseFormer_ETTm1_ftM_sl96_pl96_cycle96_seed2026,checkpoints/phaseformer_seed2026/phaseformer_seed2026_0722v1_r2_20260722T142836_full/phaseformer_s2026_phaseformer_seed2026_0722v1_r2_20260722T142836_full_ETTm1_l96_h96_s2026_PhaseFormer_ETTm1_ftM_sl96_pl96_cycle96_seed2026/checkpoint.pth,results/phaseformer_s2026_phaseformer_seed2026_0722v1_r2_20260722T142836_full_ETTm1_l96_h96_s2026_PhaseFormer_ETTm1_ftM_sl96_pl96_cycle96_seed2026/metrics_summary.csv,results/phaseformer_s2026_phaseformer_seed2026_0722v1_r2_20260722T142836_full_ETTm1_l96_h96_s2026_PhaseFormer_ETTm1_ftM_sl96_pl96_cycle96_seed2026/phaseformer_seed2026_config.json,
9,PhaseFormer,ETTm1,96,192,2026,phase_p24_l2_d8_h1_r8,completion_0716v2_locked_profile,ok,0.37370388539695537,0.3782108828979056,2.2178064779545794,0.6113132465413745,3052,491.7095901966095,3.8746464252471924,0.1220712081576017,34.64501953125,69.9677734375,11329,1,2,results/phaseformer_s2026_phaseformer_seed2026_0722v1_r2_20260722T142836_full_ETTm1_l96_h192_s2026_PhaseFormer_ETTm1_ftM_sl96_pl192_cycle96_seed2026,checkpoints/phaseformer_seed2026/phaseformer_seed2026_0722v1_r2_20260722T142836_full/phaseformer_s2026_phaseformer_seed2026_0722v1_r2_20260722T142836_full_ETTm1_l96_h192_s2026_PhaseFormer_ETTm1_ftM_sl96_pl192_cycle96_seed2026/checkpoint.pth,results/phaseformer_s2026_phaseformer_seed2026_0722v1_r2_20260722T142836_full_ETTm1_l96_h192_s2026_PhaseFormer_ETTm1_ftM_sl96_pl192_cycle96_seed2026/metrics_summary.csv,results/phaseformer_s2026_phaseformer_seed2026_0722v1_r2_20260722T142836_full_ETTm1_l96_h192_s2026_PhaseFormer_ETTm1_ftM_sl96_pl192_cycle96_seed2026/phaseformer_seed2026_config.json,
10,PhaseFormer,ETTm1,96,336,2026,phase_p24_l1_d8_h1_r8,completion_0716v2_locked_profile,ok,0.4128594334828244,0.4027578091750074,2.295526245913117,0.6425413865914198,1598,215.1580970287323,3.4653873443603516,0.08443533981537008,34.783203125,68.02099609375,11185,1,2,results/phaseformer_s2026_phaseformer_seed2026_0722v1_r2_20260722T142836_full_ETTm1_l96_h336_s2026_PhaseFormer_ETTm1_ftM_sl96_pl336_cycle96_seed2026,checkpoints/phaseformer_seed2026/phaseformer_seed2026_0722v1_r2_20260722T142836_full/phaseformer_s2026_phaseformer_seed2026_0722v1_r2_20260722T142836_full_ETTm1_l96_h336_s2026_PhaseFormer_ETTm1_ftM_sl96_pl336_cycle96_seed2026/checkpoint.pth,results/phaseformer_s2026_phaseformer_seed2026_0722v1_r2_20260722T142836_full_ETTm1_l96_h336_s2026_PhaseFormer_ETTm1_ftM_sl96_pl336_cycle96_seed2026/metrics_summary.csv,results/phaseformer_s2026_phaseformer_seed2026_0722v1_r2_20260722T142836_full_ETTm1_l96_h336_s2026_PhaseFormer_ETTm1_ftM_sl96_pl336_cycle96_seed2026/phaseformer_seed2026_config.json,
11,PhaseFormer,ETTm1,96,720,2026,phase_p24_l2_d8_h1_r8,completion_0716v2_locked_profile,ok,0.4688292087827469,0.43460795473301955,2.472784186190196,0.6847110403540656,3250,536.8611710071564,3.7720816135406494,0.12222871936246965,35.966796875,71.02392578125,10801,1,2,results/phaseformer_s2026_phaseformer_seed2026_0722v1_r2_20260722T142836_full_ETTm1_l96_h720_s2026_PhaseFormer_ETTm1_ftM_sl96_pl720_cycle96_seed2026,checkpoints/phaseformer_seed2026/phaseformer_seed2026_0722v1_r2_20260722T142836_full/phaseformer_s2026_phaseformer_seed2026_0722v1_r2_20260722T142836_full_ETTm1_l96_h720_s2026_PhaseFormer_ETTm1_ftM_sl96_pl720_cycle96_seed2026/checkpoint.pth,results/phaseformer_s2026_phaseformer_seed2026_0722v1_r2_20260722T142836_full_ETTm1_l96_h720_s2026_PhaseFormer_ETTm1_ftM_sl96_pl720_cycle96_seed2026/metrics_summary.csv,results/phaseformer_s2026_phaseformer_seed2026_0722v1_r2_20260722T142836_full_ETTm1_l96_h720_s2026_PhaseFormer_ETTm1_ftM_sl96_pl720_cycle96_seed2026/phaseformer_seed2026_config.json,
12,PhaseFormer,ETTm2,96,96,2026,phase_p24_l2_d8_h1_r8,completion_0716v2_locked_profile,ok,0.18104845847127865,0.2631335046125378,1.1549988907762168,0.4254978947906542,3016,466.3888647556305,3.8301029205322266,0.12388108214373646,34.40478515625,69.8095703125,11425,1,2,results/phaseformer_s2026_phaseformer_seed2026_0722v1_r2_20260722T142836_full_ETTm2_l96_h96_s2026_PhaseFormer_ETTm2_ftM_sl96_pl96_cycle96_seed2026,checkpoints/phaseformer_seed2026/phaseformer_seed2026_0722v1_r2_20260722T142836_full/phaseformer_s2026_phaseformer_seed2026_0722v1_r2_20260722T142836_full_ETTm2_l96_h96_s2026_PhaseFormer_ETTm2_ftM_sl96_pl96_cycle96_seed2026/checkpoint.pth,results/phaseformer_s2026_phaseformer_seed2026_0722v1_r2_20260722T142836_full_ETTm2_l96_h96_s2026_PhaseFormer_ETTm2_ftM_sl96_pl96_cycle96_seed2026/metrics_summary.csv,results/phaseformer_s2026_phaseformer_seed2026_0722v1_r2_20260722T142836_full_ETTm2_l96_h96_s2026_PhaseFormer_ETTm2_ftM_sl96_pl96_cycle96_seed2026/phaseformer_seed2026_config.json,
13,PhaseFormer,ETTm2,96,192,2026,phase_p24_l1_d8_h1_r8,completion_0716v2_locked_profile,ok,0.24556280912428824,0.30577653737130595,1.262464340083915,0.4955429437740873,1544,274.2203631401062,3.500375270843506,0.09337623933199388,34.4228515625,67.72216796875,11329,1,2,results/phaseformer_s2026_phaseformer_seed2026_0722v1_r2_20260722T142836_full_ETTm2_l96_h192_s2026_PhaseFormer_ETTm2_ftM_sl96_pl192_cycle96_seed2026,checkpoints/phaseformer_seed2026/phaseformer_seed2026_0722v1_r2_20260722T142836_full/phaseformer_s2026_phaseformer_seed2026_0722v1_r2_20260722T142836_full_ETTm2_l96_h192_s2026_PhaseFormer_ETTm2_ftM_sl96_pl192_cycle96_seed2026/checkpoint.pth,results/phaseformer_s2026_phaseformer_seed2026_0722v1_r2_20260722T142836_full_ETTm2_l96_h192_s2026_PhaseFormer_ETTm2_ftM_sl96_pl192_cycle96_seed2026/metrics_summary.csv,results/phaseformer_s2026_phaseformer_seed2026_0722v1_r2_20260722T142836_full_ETTm2_l96_h192_s2026_PhaseFormer_ETTm2_ftM_sl96_pl192_cycle96_seed2026/phaseformer_seed2026_config.json,
14,PhaseFormer,ETTm2,96,336,2026,phase_p24_l1_d8_h1_r8,completion_0716v2_locked_profile,ok,0.30545513908678434,0.34353770416564533,1.3735524067976375,0.5526799608152845,1598,190.75927329063416,3.51656436920166,0.08637282943663636,34.783203125,68.02099609375,11185,1,2,results/phaseformer_s2026_phaseformer_seed2026_0722v1_r2_20260722T142836_full_ETTm2_l96_h336_s2026_PhaseFormer_ETTm2_ftM_sl96_pl336_cycle96_seed2026,checkpoints/phaseformer_seed2026/phaseformer_seed2026_0722v1_r2_20260722T142836_full/phaseformer_s2026_phaseformer_seed2026_0722v1_r2_20260722T142836_full_ETTm2_l96_h336_s2026_PhaseFormer_ETTm2_ftM_sl96_pl336_cycle96_seed2026/checkpoint.pth,results/phaseformer_s2026_phaseformer_seed2026_0722v1_r2_20260722T142836_full_ETTm2_l96_h336_s2026_PhaseFormer_ETTm2_ftM_sl96_pl336_cycle96_seed2026/metrics_summary.csv,results/phaseformer_s2026_phaseformer_seed2026_0722v1_r2_20260722T142836_full_ETTm2_l96_h336_s2026_PhaseFormer_ETTm2_ftM_sl96_pl336_cycle96_seed2026/phaseformer_seed2026_config.json,
15,PhaseFormer,ETTm2,96,720,2026,phase_p24_l1_d8_h1_r8,completion_0716v2_locked_profile,ok,0.4086030234014539,0.4054543432243527,1.589028624142855,0.6392206374965173,1742,190.0050709247589,3.504305839538574,0.08750961277379626,35.74462890625,68.8193359375,10801,1,2,results/phaseformer_s2026_phaseformer_seed2026_0722v1_r2_20260722T142836_full_ETTm2_l96_h720_s2026_PhaseFormer_ETTm2_ftM_sl96_pl720_cycle96_seed2026,checkpoints/phaseformer_seed2026/phaseformer_seed2026_0722v1_r2_20260722T142836_full/phaseformer_s2026_phaseformer_seed2026_0722v1_r2_20260722T142836_full_ETTm2_l96_h720_s2026_PhaseFormer_ETTm2_ftM_sl96_pl720_cycle96_seed2026/checkpoint.pth,results/phaseformer_s2026_phaseformer_seed2026_0722v1_r2_20260722T142836_full_ETTm2_l96_h720_s2026_PhaseFormer_ETTm2_ftM_sl96_pl720_cycle96_seed2026/metrics_summary.csv,results/phaseformer_s2026_phaseformer_seed2026_0722v1_r2_20260722T142836_full_ETTm2_l96_h720_s2026_PhaseFormer_ETTm2_ftM_sl96_pl720_cycle96_seed2026/phaseformer_seed2026_config.json,
16,PhaseFormer,weather,96,96,2026,phase_p24_l3_d8_h1_r8,locked_0713v1_0716v1_reproduction_profile,ok,0.18267441883450128,0.21924868256290175,15.63321879171104,0.4274042803184138,4524,580.4541299343109,2.603281021118164,0.17360209331147541,37.021484375,85.59228515625,10444,1,2,results/phaseformer_s2026_phaseformer_seed2026_0722v1_r2_20260722T142836_full_weather_l96_h96_s2026_PhaseFormer_custom_ftM_sl96_pl96_cycle144_seed2026,checkpoints/phaseformer_seed2026/phaseformer_seed2026_0722v1_r2_20260722T142836_full/phaseformer_s2026_phaseformer_seed2026_0722v1_r2_20260722T142836_full_weather_l96_h96_s2026_PhaseFormer_custom_ftM_sl96_pl96_cycle144_seed2026/checkpoint.pth,results/phaseformer_s2026_phaseformer_seed2026_0722v1_r2_20260722T142836_full_weather_l96_h96_s2026_PhaseFormer_custom_ftM_sl96_pl96_cycle144_seed2026/metrics_summary.csv,results/phaseformer_s2026_phaseformer_seed2026_0722v1_r2_20260722T142836_full_weather_l96_h96_s2026_PhaseFormer_custom_ftM_sl96_pl96_cycle144_seed2026/phaseformer_seed2026_config.json,
17,PhaseFormer,weather,96,192,2026,phase_p24_l2_d8_h1_r8,locked_0713v1_0716v1_reproduction_profile,ok,0.23000568186243497,0.2596564088428903,16.404055151960446,0.4795890760457696,3052,434.2680826187134,1.796205997467041,0.10268134550692494,37.65478515625,79.4853515625,10348,1,2,results/phaseformer_s2026_phaseformer_seed2026_0722v1_r2_20260722T142836_full_weather_l96_h192_s2026_PhaseFormer_custom_ftM_sl96_pl192_cycle144_seed2026,checkpoints/phaseformer_seed2026/phaseformer_seed2026_0722v1_r2_20260722T142836_full/phaseformer_s2026_phaseformer_seed2026_0722v1_r2_20260722T142836_full_weather_l96_h192_s2026_PhaseFormer_custom_ftM_sl96_pl192_cycle144_seed2026/checkpoint.pth,results/phaseformer_s2026_phaseformer_seed2026_0722v1_r2_20260722T142836_full_weather_l96_h192_s2026_PhaseFormer_custom_ftM_sl96_pl192_cycle144_seed2026/metrics_summary.csv,results/phaseformer_s2026_phaseformer_seed2026_0722v1_r2_20260722T142836_full_weather_l96_h192_s2026_PhaseFormer_custom_ftM_sl96_pl192_cycle144_seed2026/phaseformer_seed2026_config.json,
18,PhaseFormer,weather,96,336,2026,phase_p24_l2_d8_h1_r8,locked_0713v1_0716v1_reproduction_profile,ok,0.2850880553572985,0.2979718905838555,16.228018308066368,0.5339363776306111,3106,415.39920234680176,2.0798912048339844,0.12159238971244732,38.63037109375,80.4453125,10204,1,2,results/phaseformer_s2026_phaseformer_seed2026_0722v1_r2_20260722T142836_full_weather_l96_h336_s2026_PhaseFormer_custom_ftM_sl96_pl336_cycle144_seed2026,checkpoints/phaseformer_seed2026/phaseformer_seed2026_0722v1_r2_20260722T142836_full/phaseformer_s2026_phaseformer_seed2026_0722v1_r2_20260722T142836_full_weather_l96_h336_s2026_PhaseFormer_custom_ftM_sl96_pl336_cycle144_seed2026/checkpoint.pth,results/phaseformer_s2026_phaseformer_seed2026_0722v1_r2_20260722T142836_full_weather_l96_h336_s2026_PhaseFormer_custom_ftM_sl96_pl336_cycle144_seed2026/metrics_summary.csv,results/phaseformer_s2026_phaseformer_seed2026_0722v1_r2_20260722T142836_full_weather_l96_h336_s2026_PhaseFormer_custom_ftM_sl96_pl336_cycle144_seed2026/phaseformer_seed2026_config.json,
19,PhaseFormer,weather,96,720,2026,phase_p24_l2_d8_h1_r8,locked_0713v1_0716v1_reproduction_profile,ok,0.35917690791938617,0.3459766535112235,16.492038368141394,0.5993136974234663,3250,431.6236877441406,1.8847594261169434,0.10538193260714537,41.380859375,84.03271484375,9820,1,2,results/phaseformer_s2026_phaseformer_seed2026_0722v1_r2_20260722T142836_full_weather_l96_h720_s2026_PhaseFormer_custom_ftM_sl96_pl720_cycle144_seed2026,checkpoints/phaseformer_seed2026/phaseformer_seed2026_0722v1_r2_20260722T142836_full/phaseformer_s2026_phaseformer_seed2026_0722v1_r2_20260722T142836_full_weather_l96_h720_s2026_PhaseFormer_custom_ftM_sl96_pl720_cycle144_seed2026/checkpoint.pth,results/phaseformer_s2026_phaseformer_seed2026_0722v1_r2_20260722T142836_full_weather_l96_h720_s2026_PhaseFormer_custom_ftM_sl96_pl720_cycle144_seed2026/metrics_summary.csv,results/phaseformer_s2026_phaseformer_seed2026_0722v1_r2_20260722T142836_full_weather_l96_h720_s2026_PhaseFormer_custom_ftM_sl96_pl720_cycle144_seed2026/phaseformer_seed2026_config.json,
20,PhaseFormer,electricity,96,96,2026,phase_p24_l2_d8_h1_r8,locked_0713v1_0716v1_reproduction_profile,ok,0.18628785652196947,0.2595689609095427,2.734378264069506,0.43161076970109247,3016,401.3481996059418,1.9460866451263428,0.17624675082236652,105.85009765625,290.5947265625,5165,1,2,results/phaseformer_s2026_phaseformer_seed2026_0722v1_r2_20260722T142836_full_electricity_l96_h96_s2026_PhaseFormer_custom_ftM_sl96_pl96_cycle168_seed2026,checkpoints/phaseformer_seed2026/phaseformer_seed2026_0722v1_r2_20260722T142836_full/phaseformer_s2026_phaseformer_seed2026_0722v1_r2_20260722T142836_full_electricity_l96_h96_s2026_PhaseFormer_custom_ftM_sl96_pl96_cycle168_seed2026/checkpoint.pth,results/phaseformer_s2026_phaseformer_seed2026_0722v1_r2_20260722T142836_full_electricity_l96_h96_s2026_PhaseFormer_custom_ftM_sl96_pl96_cycle168_seed2026/metrics_summary.csv,results/phaseformer_s2026_phaseformer_seed2026_0722v1_r2_20260722T142836_full_electricity_l96_h96_s2026_PhaseFormer_custom_ftM_sl96_pl96_cycle168_seed2026/phaseformer_seed2026_config.json,
21,PhaseFormer,electricity,96,192,2026,phase_p24_l1_d128_h4_r4,locked_0713v1_0716v1_reproduction_profile,ok,0.1801174889405785,0.25826916978170916,2.855290702770242,0.42440250816951886,269832,491.4263298511505,2.426370859146118,0.2434767253169524,791.337890625,1639.90185546875,5069,1,2,results/phaseformer_s2026_phaseformer_seed2026_0722v1_r2_20260722T142836_full_electricity_l96_h192_s2026_PhaseFormer_custom_ftM_sl96_pl192_cycle168_seed2026,checkpoints/phaseformer_seed2026/phaseformer_seed2026_0722v1_r2_20260722T142836_full/phaseformer_s2026_phaseformer_seed2026_0722v1_r2_20260722T142836_full_electricity_l96_h192_s2026_PhaseFormer_custom_ftM_sl96_pl192_cycle168_seed2026/checkpoint.pth,results/phaseformer_s2026_phaseformer_seed2026_0722v1_r2_20260722T142836_full_electricity_l96_h192_s2026_PhaseFormer_custom_ftM_sl96_pl192_cycle168_seed2026/metrics_summary.csv,results/phaseformer_s2026_phaseformer_seed2026_0722v1_r2_20260722T142836_full_electricity_l96_h192_s2026_PhaseFormer_custom_ftM_sl96_pl192_cycle168_seed2026/phaseformer_seed2026_config.json,
22,PhaseFormer,electricity,96,336,2026,phase_p24_l2_d8_h1_r8,locked_0713v1_0716v1_reproduction_profile,ok,0.20834218313123215,0.2844660814051734,2.8153845732530733,0.4564451589525648,3106,482.2297830581665,2.2226450443267822,0.18372508731486303,129.44873046875,315.234375,4925,1,2,results/phaseformer_s2026_phaseformer_seed2026_0722v1_r2_20260722T142836_full_electricity_l96_h336_s2026_PhaseFormer_custom_ftM_sl96_pl336_cycle168_seed2026,checkpoints/phaseformer_seed2026/phaseformer_seed2026_0722v1_r2_20260722T142836_full/phaseformer_s2026_phaseformer_seed2026_0722v1_r2_20260722T142836_full_electricity_l96_h336_s2026_PhaseFormer_custom_ftM_sl96_pl336_cycle168_seed2026/checkpoint.pth,results/phaseformer_s2026_phaseformer_seed2026_0722v1_r2_20260722T142836_full_electricity_l96_h336_s2026_PhaseFormer_custom_ftM_sl96_pl336_cycle168_seed2026/metrics_summary.csv,results/phaseformer_s2026_phaseformer_seed2026_0722v1_r2_20260722T142836_full_electricity_l96_h336_s2026_PhaseFormer_custom_ftM_sl96_pl336_cycle168_seed2026/phaseformer_seed2026_config.json,
23,PhaseFormer,electricity,96,720,2026,phase_p24_l1_d128_h4_r4,locked_0713v1_0716v1_reproduction_profile,ok,0.23638966481605475,0.30842670060916016,2.9722726359961094,0.48619920281305967,272670,601.356861114502,3.326160192489624,0.3115225355368004,842.48828125,1670.39501953125,4541,1,2,results/phaseformer_s2026_phaseformer_seed2026_0722v1_r2_20260722T142836_full_electricity_l96_h720_s2026_PhaseFormer_custom_ftM_sl96_pl720_cycle168_seed2026,checkpoints/phaseformer_seed2026/phaseformer_seed2026_0722v1_r2_20260722T142836_full/phaseformer_s2026_phaseformer_seed2026_0722v1_r2_20260722T142836_full_electricity_l96_h720_s2026_PhaseFormer_custom_ftM_sl96_pl720_cycle168_seed2026/checkpoint.pth,results/phaseformer_s2026_phaseformer_seed2026_0722v1_r2_20260722T142836_full_electricity_l96_h720_s2026_PhaseFormer_custom_ftM_sl96_pl720_cycle168_seed2026/metrics_summary.csv,results/phaseformer_s2026_phaseformer_seed2026_0722v1_r2_20260722T142836_full_electricity_l96_h720_s2026_PhaseFormer_custom_ftM_sl96_pl720_cycle168_seed2026/phaseformer_seed2026_config.json,
24,PhaseFormer,traffic,96,96,2026,phase_p24_l2_d32_h8_r1,completion_0716v2_locked_profile,ok,0.497362689956266,0.2919509140143228,2.863986892652679,0.7052394557568841,34632,786.3467090129852,5.865655422210693,0.6226479012951355,176.56689453125,516.98193359375,3413,1,2,results/phaseformer_s2026_phaseformer_seed2026_0722v1_r2_20260722T142836_full_traffic_l96_h96_s2026_PhaseFormer_custom_ftM_sl96_pl96_cycle168_seed2026,checkpoints/phaseformer_seed2026/phaseformer_seed2026_0722v1_r2_20260722T142836_full/phaseformer_s2026_phaseformer_seed2026_0722v1_r2_20260722T142836_full_traffic_l96_h96_s2026_PhaseFormer_custom_ftM_sl96_pl96_cycle168_seed2026/checkpoint.pth,results/phaseformer_s2026_phaseformer_seed2026_0722v1_r2_20260722T142836_full_traffic_l96_h96_s2026_PhaseFormer_custom_ftM_sl96_pl96_cycle168_seed2026/metrics_summary.csv,results/phaseformer_s2026_phaseformer_seed2026_0722v1_r2_20260722T142836_full_traffic_l96_h96_s2026_PhaseFormer_custom_ftM_sl96_pl96_cycle168_seed2026/phaseformer_seed2026_config.json,
25,PhaseFormer,traffic,96,192,2026,phase_p24_l1_d128_h4_r4,completion_0716v2_locked_profile,ok,0.46422251264735437,0.2724380015227738,2.621762611854277,0.6813387649674385,269832,949.8944702148438,6.497491836547852,0.72503582924726,542.69921875,1124.25537109375,3317,1,2,results/phaseformer_s2026_phaseformer_seed2026_0722v1_r2_20260722T142836_full_traffic_l96_h192_s2026_PhaseFormer_custom_ftM_sl96_pl192_cycle168_seed2026,checkpoints/phaseformer_seed2026/phaseformer_seed2026_0722v1_r2_20260722T142836_full/phaseformer_s2026_phaseformer_seed2026_0722v1_r2_20260722T142836_full_traffic_l96_h192_s2026_PhaseFormer_custom_ftM_sl96_pl192_cycle168_seed2026/checkpoint.pth,results/phaseformer_s2026_phaseformer_seed2026_0722v1_r2_20260722T142836_full_traffic_l96_h192_s2026_PhaseFormer_custom_ftM_sl96_pl192_cycle168_seed2026/metrics_summary.csv,results/phaseformer_s2026_phaseformer_seed2026_0722v1_r2_20260722T142836_full_traffic_l96_h192_s2026_PhaseFormer_custom_ftM_sl96_pl192_cycle168_seed2026/phaseformer_seed2026_config.json,
26,PhaseFormer,traffic,96,336,2026,phase_p24_l1_d128_h4_r4,completion_0716v2_locked_profile,ok,0.4828564482696379,0.28033846295652204,2.6363010362017136,0.6948787291820335,270606,798.273024559021,6.489609479904175,0.6658303256173319,551.97509765625,1129.7373046875,3173,1,2,results/phaseformer_s2026_phaseformer_seed2026_0722v1_r2_20260722T142836_full_traffic_l96_h336_s2026_PhaseFormer_custom_ftM_sl96_pl336_cycle168_seed2026,checkpoints/phaseformer_seed2026/phaseformer_seed2026_0722v1_r2_20260722T142836_full/phaseformer_s2026_phaseformer_seed2026_0722v1_r2_20260722T142836_full_traffic_l96_h336_s2026_PhaseFormer_custom_ftM_sl96_pl336_cycle168_seed2026/checkpoint.pth,results/phaseformer_s2026_phaseformer_seed2026_0722v1_r2_20260722T142836_full_traffic_l96_h336_s2026_PhaseFormer_custom_ftM_sl96_pl336_cycle168_seed2026/metrics_summary.csv,results/phaseformer_s2026_phaseformer_seed2026_0722v1_r2_20260722T142836_full_traffic_l96_h336_s2026_PhaseFormer_custom_ftM_sl96_pl336_cycle168_seed2026/phaseformer_seed2026_config.json,
27,PhaseFormer,traffic,96,720,2026,phase_p24_l1_d128_h4_r4,completion_0716v2_locked_profile,ok,0.5125378005297613,0.2974506239091059,2.7104685855223507,0.7159174537122008,272670,1184.6197681427002,8.164172649383545,0.8118139962259514,576.9716796875,1145.81689453125,2789,1,2,results/phaseformer_s2026_phaseformer_seed2026_0722v1_r2_20260722T142836_full_traffic_l96_h720_s2026_PhaseFormer_custom_ftM_sl96_pl720_cycle168_seed2026,checkpoints/phaseformer_seed2026/phaseformer_seed2026_0722v1_r2_20260722T142836_full/phaseformer_s2026_phaseformer_seed2026_0722v1_r2_20260722T142836_full_traffic_l96_h720_s2026_PhaseFormer_custom_ftM_sl96_pl720_cycle168_seed2026/checkpoint.pth,results/phaseformer_s2026_phaseformer_seed2026_0722v1_r2_20260722T142836_full_traffic_l96_h720_s2026_PhaseFormer_custom_ftM_sl96_pl720_cycle168_seed2026/metrics_summary.csv,results/phaseformer_s2026_phaseformer_seed2026_0722v1_r2_20260722T142836_full_traffic_l96_h720_s2026_PhaseFormer_custom_ftM_sl96_pl720_cycle168_seed2026/phaseformer_seed2026_config.json,
28,PhaseFormer,PEMS03,96,12,2026,phase_p12_l2_d8_h1_r8,completion_0716v2_pems_extension_period12,ok,0.0973506108198101,0.20761479558083687,1.7322133119809082,0.3120105940826531,2897,552.3234000205994,3.9375319480895996,0.23646758032680434,52.37353515625,131.275390625,5230,1,2,results/phaseformer_s2026_phaseformer_seed2026_0722v1_r2_20260722T142836_full_PEMS03_l96_h12_s2026_PhaseFormer_PEMS_ftM_sl96_pl12_cycle288_seed2026,checkpoints/phaseformer_seed2026/phaseformer_seed2026_0722v1_r2_20260722T142836_full/phaseformer_s2026_phaseformer_seed2026_0722v1_r2_20260722T142836_full_PEMS03_l96_h12_s2026_PhaseFormer_PEMS_ftM_sl96_pl12_cycle288_seed2026/checkpoint.pth,results/phaseformer_s2026_phaseformer_seed2026_0722v1_r2_20260722T142836_full_PEMS03_l96_h12_s2026_PhaseFormer_PEMS_ftM_sl96_pl12_cycle288_seed2026/metrics_summary.csv,results/phaseformer_s2026_phaseformer_seed2026_0722v1_r2_20260722T142836_full_PEMS03_l96_h12_s2026_PhaseFormer_PEMS_ftM_sl96_pl12_cycle288_seed2026/phaseformer_seed2026_config.json,
29,PhaseFormer,PEMS03,96,24,2026,phase_p12_l2_d8_h1_r8,completion_0716v2_pems_extension_period12,ok,0.16484239209250573,0.27165176010745373,2.3113093743736925,0.4060078719587906,2906,549.3882875442505,3.939138412475586,0.23529590578917906,53.02880859375,131.6689453125,5218,1,2,results/phaseformer_s2026_phaseformer_seed2026_0722v1_r2_20260722T142836_full_PEMS03_l96_h24_s2026_PhaseFormer_PEMS_ftM_sl96_pl24_cycle288_seed2026,checkpoints/phaseformer_seed2026/phaseformer_seed2026_0722v1_r2_20260722T142836_full/phaseformer_s2026_phaseformer_seed2026_0722v1_r2_20260722T142836_full_PEMS03_l96_h24_s2026_PhaseFormer_PEMS_ftM_sl96_pl24_cycle288_seed2026/checkpoint.pth,results/phaseformer_s2026_phaseformer_seed2026_0722v1_r2_20260722T142836_full_PEMS03_l96_h24_s2026_PhaseFormer_PEMS_ftM_sl96_pl24_cycle288_seed2026/metrics_summary.csv,results/phaseformer_s2026_phaseformer_seed2026_0722v1_r2_20260722T142836_full_PEMS03_l96_h24_s2026_PhaseFormer_PEMS_ftM_sl96_pl24_cycle288_seed2026/phaseformer_seed2026_config.json,
30,PhaseFormer,PEMS03,96,48,2026,phase_p12_l2_d8_h1_r8,completion_0716v2_pems_extension_period12,ok,0.31463484499784816,0.3851620612986911,2.931297228823652,0.560923207754723,2924,569.9093346595764,3.7550296783447266,0.22758152532335843,54.341796875,132.45751953125,5194,1,2,results/phaseformer_s2026_phaseformer_seed2026_0722v1_r2_20260722T142836_full_PEMS03_l96_h48_s2026_PhaseFormer_PEMS_ftM_sl96_pl48_cycle288_seed2026,checkpoints/phaseformer_seed2026/phaseformer_seed2026_0722v1_r2_20260722T142836_full/phaseformer_s2026_phaseformer_seed2026_0722v1_r2_20260722T142836_full_PEMS03_l96_h48_s2026_PhaseFormer_PEMS_ftM_sl96_pl48_cycle288_seed2026/checkpoint.pth,results/phaseformer_s2026_phaseformer_seed2026_0722v1_r2_20260722T142836_full_PEMS03_l96_h48_s2026_PhaseFormer_PEMS_ftM_sl96_pl48_cycle288_seed2026/metrics_summary.csv,results/phaseformer_s2026_phaseformer_seed2026_0722v1_r2_20260722T142836_full_PEMS03_l96_h48_s2026_PhaseFormer_PEMS_ftM_sl96_pl48_cycle288_seed2026/phaseformer_seed2026_config.json,
31,PhaseFormer,PEMS03,96,96,2026,phase_p12_l2_d8_h1_r8,completion_0716v2_pems_extension_period12,ok,0.528114975161288,0.516011701678749,3.027412339466487,0.7267151953559854,2960,581.2937307357788,3.6065080165863037,0.2220529216425649,56.96826171875,134.03515625,5146,1,2,results/phaseformer_s2026_phaseformer_seed2026_0722v1_r2_20260722T142836_full_PEMS03_l96_h96_s2026_PhaseFormer_PEMS_ftM_sl96_pl96_cycle288_seed2026,checkpoints/phaseformer_seed2026/phaseformer_seed2026_0722v1_r2_20260722T142836_full/phaseformer_s2026_phaseformer_seed2026_0722v1_r2_20260722T142836_full_PEMS03_l96_h96_s2026_PhaseFormer_PEMS_ftM_sl96_pl96_cycle288_seed2026/checkpoint.pth,results/phaseformer_s2026_phaseformer_seed2026_0722v1_r2_20260722T142836_full_PEMS03_l96_h96_s2026_PhaseFormer_PEMS_ftM_sl96_pl96_cycle288_seed2026/metrics_summary.csv,results/phaseformer_s2026_phaseformer_seed2026_0722v1_r2_20260722T142836_full_PEMS03_l96_h96_s2026_PhaseFormer_PEMS_ftM_sl96_pl96_cycle288_seed2026/phaseformer_seed2026_config.json,
32,PhaseFormer,PEMS04,96,12,2026,phase_p12_l2_d8_h1_r8,completion_0716v2_pems_extension_period12,ok,0.11557937808350903,0.22845826640613465,1.7400324452434546,0.3399696722996171,2897,364.2199549674988,3.0381648540496826,0.27589727993141655,49.41650390625,121.587890625,3387,1,2,results/phaseformer_s2026_phaseformer_seed2026_0722v1_r2_20260722T142836_full_PEMS04_l96_h12_s2026_PhaseFormer_PEMS_ftM_sl96_pl12_cycle288_seed2026,checkpoints/phaseformer_seed2026/phaseformer_seed2026_0722v1_r2_20260722T142836_full/phaseformer_s2026_phaseformer_seed2026_0722v1_r2_20260722T142836_full_PEMS04_l96_h12_s2026_PhaseFormer_PEMS_ftM_sl96_pl12_cycle288_seed2026/checkpoint.pth,results/phaseformer_s2026_phaseformer_seed2026_0722v1_r2_20260722T142836_full_PEMS04_l96_h12_s2026_PhaseFormer_PEMS_ftM_sl96_pl12_cycle288_seed2026/metrics_summary.csv,results/phaseformer_s2026_phaseformer_seed2026_0722v1_r2_20260722T142836_full_PEMS04_l96_h12_s2026_PhaseFormer_PEMS_ftM_sl96_pl12_cycle288_seed2026/phaseformer_seed2026_config.json,
33,PhaseFormer,PEMS04,96,24,2026,phase_p12_l2_d8_h1_r8,completion_0716v2_pems_extension_period12,ok,0.19580390167686615,0.3022521051045931,2.3829574548620682,0.4424973465195765,2906,336.9044842720032,2.977022886276245,0.2794248877627844,49.97900390625,121.92578125,3375,1,2,results/phaseformer_s2026_phaseformer_seed2026_0722v1_r2_20260722T142836_full_PEMS04_l96_h24_s2026_PhaseFormer_PEMS_ftM_sl96_pl24_cycle288_seed2026,checkpoints/phaseformer_seed2026/phaseformer_seed2026_0722v1_r2_20260722T142836_full/phaseformer_s2026_phaseformer_seed2026_0722v1_r2_20260722T142836_full_PEMS04_l96_h24_s2026_PhaseFormer_PEMS_ftM_sl96_pl24_cycle288_seed2026/checkpoint.pth,results/phaseformer_s2026_phaseformer_seed2026_0722v1_r2_20260722T142836_full_PEMS04_l96_h24_s2026_PhaseFormer_PEMS_ftM_sl96_pl24_cycle288_seed2026/metrics_summary.csv,results/phaseformer_s2026_phaseformer_seed2026_0722v1_r2_20260722T142836_full_PEMS04_l96_h24_s2026_PhaseFormer_PEMS_ftM_sl96_pl24_cycle288_seed2026/phaseformer_seed2026_config.json,
34,PhaseFormer,PEMS04,96,48,2026,phase_p12_l2_d8_h1_r8,completion_0716v2_pems_extension_period12,ok,0.38361798124677343,0.4324721134569877,3.2814942997713086,0.6193690186365262,2924,311.2948794364929,3.170081377029419,0.2993131280677703,51.10400390625,122.6015625,3351,1,2,results/phaseformer_s2026_phaseformer_seed2026_0722v1_r2_20260722T142836_full_PEMS04_l96_h48_s2026_PhaseFormer_PEMS_ftM_sl96_pl48_cycle288_seed2026,checkpoints/phaseformer_seed2026/phaseformer_seed2026_0722v1_r2_20260722T142836_full/phaseformer_s2026_phaseformer_seed2026_0722v1_r2_20260722T142836_full_PEMS04_l96_h48_s2026_PhaseFormer_PEMS_ftM_sl96_pl48_cycle288_seed2026/checkpoint.pth,results/phaseformer_s2026_phaseformer_seed2026_0722v1_r2_20260722T142836_full_PEMS04_l96_h48_s2026_PhaseFormer_PEMS_ftM_sl96_pl48_cycle288_seed2026/metrics_summary.csv,results/phaseformer_s2026_phaseformer_seed2026_0722v1_r2_20260722T142836_full_PEMS04_l96_h48_s2026_PhaseFormer_PEMS_ftM_sl96_pl48_cycle288_seed2026/phaseformer_seed2026_config.json,
35,PhaseFormer,PEMS04,96,96,2026,phase_p12_l2_d8_h1_r8,completion_0716v2_pems_extension_period12,ok,0.6906550966439923,0.5984187125173137,3.695770646285491,0.8310566145841042,2960,378.48794865608215,2.6070926189422607,0.2340994390292906,53.35693359375,123.955078125,3303,1,2,results/phaseformer_s2026_phaseformer_seed2026_0722v1_r2_20260722T142836_full_PEMS04_l96_h96_s2026_PhaseFormer_PEMS_ftM_sl96_pl96_cycle288_seed2026,checkpoints/phaseformer_seed2026/phaseformer_seed2026_0722v1_r2_20260722T142836_full/phaseformer_s2026_phaseformer_seed2026_0722v1_r2_20260722T142836_full_PEMS04_l96_h96_s2026_PhaseFormer_PEMS_ftM_sl96_pl96_cycle288_seed2026/checkpoint.pth,results/phaseformer_s2026_phaseformer_seed2026_0722v1_r2_20260722T142836_full_PEMS04_l96_h96_s2026_PhaseFormer_PEMS_ftM_sl96_pl96_cycle288_seed2026/metrics_summary.csv,results/phaseformer_s2026_phaseformer_seed2026_0722v1_r2_20260722T142836_full_PEMS04_l96_h96_s2026_PhaseFormer_PEMS_ftM_sl96_pl96_cycle288_seed2026/phaseformer_seed2026_config.json,
36,PhaseFormer,PEMS07,96,12,2026,phase_p12_l2_d8_h1_r8,completion_0716v2_pems_extension_period12,ok,0.08970435378066231,0.20003428859891575,1.906620169803218,0.2995068509745016,2897,1199.7321786880493,6.680780649185181,0.42835584354947986,57.61962890625,148.556640625,5633,1,2,results/phaseformer_s2026_phaseformer_seed2026_0722v1_r2_20260722T142836_full_PEMS07_l96_h12_s2026_PhaseFormer_PEMS_ftM_sl96_pl12_cycle288_seed2026,checkpoints/phaseformer_seed2026/phaseformer_seed2026_0722v1_r2_20260722T142836_full/phaseformer_s2026_phaseformer_seed2026_0722v1_r2_20260722T142836_full_PEMS07_l96_h12_s2026_PhaseFormer_PEMS_ftM_sl96_pl12_cycle288_seed2026/checkpoint.pth,results/phaseformer_s2026_phaseformer_seed2026_0722v1_r2_20260722T142836_full_PEMS07_l96_h12_s2026_PhaseFormer_PEMS_ftM_sl96_pl12_cycle288_seed2026/metrics_summary.csv,results/phaseformer_s2026_phaseformer_seed2026_0722v1_r2_20260722T142836_full_PEMS07_l96_h12_s2026_PhaseFormer_PEMS_ftM_sl96_pl12_cycle288_seed2026/phaseformer_seed2026_config.json,
37,PhaseFormer,PEMS07,96,24,2026,phase_p12_l2_d8_h1_r8,completion_0716v2_pems_extension_period12,ok,0.15989290367487807,0.27002763939061153,2.4155929569824637,0.39986610718449006,2906,1189.5583214759827,7.078457593917847,0.4380326368804578,58.42822265625,149.0419921875,5621,1,2,results/phaseformer_s2026_phaseformer_seed2026_0722v1_r2_20260722T142836_full_PEMS07_l96_h24_s2026_PhaseFormer_PEMS_ftM_sl96_pl24_cycle288_seed2026,checkpoints/phaseformer_seed2026/phaseformer_seed2026_0722v1_r2_20260722T142836_full/phaseformer_s2026_phaseformer_seed2026_0722v1_r2_20260722T142836_full_PEMS07_l96_h24_s2026_PhaseFormer_PEMS_ftM_sl96_pl24_cycle288_seed2026/checkpoint.pth,results/phaseformer_s2026_phaseformer_seed2026_0722v1_r2_20260722T142836_full_PEMS07_l96_h24_s2026_PhaseFormer_PEMS_ftM_sl96_pl24_cycle288_seed2026/metrics_summary.csv,results/phaseformer_s2026_phaseformer_seed2026_0722v1_r2_20260722T142836_full_PEMS07_l96_h24_s2026_PhaseFormer_PEMS_ftM_sl96_pl24_cycle288_seed2026/phaseformer_seed2026_config.json,
38,PhaseFormer,PEMS07,96,48,2026,phase_p12_l2_d8_h1_r8,completion_0716v2_pems_extension_period12,ok,0.3253229998396258,0.3928096180228809,3.2127124467047348,0.5703709317975678,2924,1241.9869182109833,7.131948471069336,0.4387574984116055,60.04541015625,150.0126953125,5597,1,2,results/phaseformer_s2026_phaseformer_seed2026_0722v1_r2_20260722T142836_full_PEMS07_l96_h48_s2026_PhaseFormer_PEMS_ftM_sl96_pl48_cycle288_seed2026,checkpoints/phaseformer_seed2026/phaseformer_seed2026_0722v1_r2_20260722T142836_full/phaseformer_s2026_phaseformer_seed2026_0722v1_r2_20260722T142836_full_PEMS07_l96_h48_s2026_PhaseFormer_PEMS_ftM_sl96_pl48_cycle288_seed2026/checkpoint.pth,results/phaseformer_s2026_phaseformer_seed2026_0722v1_r2_20260722T142836_full_PEMS07_l96_h48_s2026_PhaseFormer_PEMS_ftM_sl96_pl48_cycle288_seed2026/metrics_summary.csv,results/phaseformer_s2026_phaseformer_seed2026_0722v1_r2_20260722T142836_full_PEMS07_l96_h48_s2026_PhaseFormer_PEMS_ftM_sl96_pl48_cycle288_seed2026/phaseformer_seed2026_config.json,
39,PhaseFormer,PEMS07,96,96,2026,phase_p12_l2_d8_h1_r8,completion_0716v2_pems_extension_period12,ok,0.6127946559271762,0.5561042034390473,3.9298310011807014,0.7828120182567307,2960,1298.8532025814056,7.458772420883179,0.4488594311338665,63.27978515625,151.9541015625,5549,1,2,results/phaseformer_s2026_phaseformer_seed2026_0722v1_r2_20260722T142836_full_PEMS07_l96_h96_s2026_PhaseFormer_PEMS_ftM_sl96_pl96_cycle288_seed2026,checkpoints/phaseformer_seed2026/phaseformer_seed2026_0722v1_r2_20260722T142836_full/phaseformer_s2026_phaseformer_seed2026_0722v1_r2_20260722T142836_full_PEMS07_l96_h96_s2026_PhaseFormer_PEMS_ftM_sl96_pl96_cycle288_seed2026/checkpoint.pth,results/phaseformer_s2026_phaseformer_seed2026_0722v1_r2_20260722T142836_full_PEMS07_l96_h96_s2026_PhaseFormer_PEMS_ftM_sl96_pl96_cycle288_seed2026/metrics_summary.csv,results/phaseformer_s2026_phaseformer_seed2026_0722v1_r2_20260722T142836_full_PEMS07_l96_h96_s2026_PhaseFormer_PEMS_ftM_sl96_pl96_cycle288_seed2026/phaseformer_seed2026_config.json,
40,PhaseFormer,PEMS08,96,12,2026,phase_p12_l2_d8_h1_r8,completion_0716v2_pems_extension_period12,ok,0.10818244057341413,0.21711448204933187,1.7893364299851056,0.3289109918707706,2897,363.9031653404236,2.578500747680664,0.24284625132770926,41.6640625,95.93798828125,3560,1,2,results/phaseformer_s2026_phaseformer_seed2026_0722v1_r2_20260722T142836_full_PEMS08_l96_h12_s2026_PhaseFormer_PEMS_ftM_sl96_pl12_cycle288_seed2026,checkpoints/phaseformer_seed2026/phaseformer_seed2026_0722v1_r2_20260722T142836_full/phaseformer_s2026_phaseformer_seed2026_0722v1_r2_20260722T142836_full_PEMS08_l96_h12_s2026_PhaseFormer_PEMS_ftM_sl96_pl12_cycle288_seed2026/checkpoint.pth,results/phaseformer_s2026_phaseformer_seed2026_0722v1_r2_20260722T142836_full_PEMS08_l96_h12_s2026_PhaseFormer_PEMS_ftM_sl96_pl12_cycle288_seed2026/metrics_summary.csv,results/phaseformer_s2026_phaseformer_seed2026_0722v1_r2_20260722T142836_full_PEMS08_l96_h12_s2026_PhaseFormer_PEMS_ftM_sl96_pl12_cycle288_seed2026/phaseformer_seed2026_config.json,
41,PhaseFormer,PEMS08,96,24,2026,phase_p12_l2_d8_h1_r8,completion_0716v2_pems_extension_period12,ok,0.18446893626391148,0.2871181059375686,2.4970224884028185,0.42949847061882707,2906,359.23336362838745,3.062112808227539,0.28442286583358733,41.97509765625,96.125,3548,1,2,results/phaseformer_s2026_phaseformer_seed2026_0722v1_r2_20260722T142836_full_PEMS08_l96_h24_s2026_PhaseFormer_PEMS_ftM_sl96_pl24_cycle288_seed2026,checkpoints/phaseformer_seed2026/phaseformer_seed2026_0722v1_r2_20260722T142836_full/phaseformer_s2026_phaseformer_seed2026_0722v1_r2_20260722T142836_full_PEMS08_l96_h24_s2026_PhaseFormer_PEMS_ftM_sl96_pl24_cycle288_seed2026/checkpoint.pth,results/phaseformer_s2026_phaseformer_seed2026_0722v1_r2_20260722T142836_full_PEMS08_l96_h24_s2026_PhaseFormer_PEMS_ftM_sl96_pl24_cycle288_seed2026/metrics_summary.csv,results/phaseformer_s2026_phaseformer_seed2026_0722v1_r2_20260722T142836_full_PEMS08_l96_h24_s2026_PhaseFormer_PEMS_ftM_sl96_pl24_cycle288_seed2026/phaseformer_seed2026_config.json,
42,PhaseFormer,PEMS08,96,48,2026,phase_p12_l2_d8_h1_r8,completion_0716v2_pems_extension_period12,ok,0.3664510811851531,0.41416236330106665,3.3832043909166676,0.6053520307929536,2924,369.15440130233765,2.5572125911712646,0.22217417366584133,42.599609375,96.50048828125,3524,1,2,results/phaseformer_s2026_phaseformer_seed2026_0722v1_r2_20260722T142836_full_PEMS08_l96_h48_s2026_PhaseFormer_PEMS_ftM_sl96_pl48_cycle288_seed2026,checkpoints/phaseformer_seed2026/phaseformer_seed2026_0722v1_r2_20260722T142836_full/phaseformer_s2026_phaseformer_seed2026_0722v1_r2_20260722T142836_full_PEMS08_l96_h48_s2026_PhaseFormer_PEMS_ftM_sl96_pl48_cycle288_seed2026/checkpoint.pth,results/phaseformer_s2026_phaseformer_seed2026_0722v1_r2_20260722T142836_full_PEMS08_l96_h48_s2026_PhaseFormer_PEMS_ftM_sl96_pl48_cycle288_seed2026/metrics_summary.csv,results/phaseformer_s2026_phaseformer_seed2026_0722v1_r2_20260722T142836_full_PEMS08_l96_h48_s2026_PhaseFormer_PEMS_ftM_sl96_pl48_cycle288_seed2026/phaseformer_seed2026_config.json,
43,PhaseFormer,PEMS08,96,96,2026,phase_p12_l2_d8_h1_r8,completion_0716v2_pems_extension_period12,ok,0.757548792712452,0.5968895495973695,3.9197293651118947,0.8703727895059978,2960,305.80546021461487,3.0565128326416016,0.26249419442314753,43.84912109375,97.251953125,3476,1,2,results/phaseformer_s2026_phaseformer_seed2026_0722v1_r2_20260722T142836_full_PEMS08_l96_h96_s2026_PhaseFormer_PEMS_ftM_sl96_pl96_cycle288_seed2026,checkpoints/phaseformer_seed2026/phaseformer_seed2026_0722v1_r2_20260722T142836_full/phaseformer_s2026_phaseformer_seed2026_0722v1_r2_20260722T142836_full_PEMS08_l96_h96_s2026_PhaseFormer_PEMS_ftM_sl96_pl96_cycle288_seed2026/checkpoint.pth,results/phaseformer_s2026_phaseformer_seed2026_0722v1_r2_20260722T142836_full_PEMS08_l96_h96_s2026_PhaseFormer_PEMS_ftM_sl96_pl96_cycle288_seed2026/metrics_summary.csv,results/phaseformer_s2026_phaseformer_seed2026_0722v1_r2_20260722T142836_full_PEMS08_l96_h96_s2026_PhaseFormer_PEMS_ftM_sl96_pl96_cycle288_seed2026/phaseformer_seed2026_config.json,
44,PhaseFormer,ETTh1,720,96,2026,phase_p24_l3_d4_h1_r8,completion_0716v2_locked_profile,ok,0.36719808466834736,0.38599777132446583,8.847256795212717,0.6059687159155557,2072,144.64068484306335,2.113121271133423,0.2386874653260212,35.24755859375,70.96826171875,2785,1,2,results/phaseformer_s2026_phaseformer_seed2026_0722v1_r2_20260722T142836_full_ETTh1_l720_h96_s2026_PhaseFormer_ETTh1_ftM_sl720_pl96_cycle24_seed2026,checkpoints/phaseformer_seed2026/phaseformer_seed2026_0722v1_r2_20260722T142836_full/phaseformer_s2026_phaseformer_seed2026_0722v1_r2_20260722T142836_full_ETTh1_l720_h96_s2026_PhaseFormer_ETTh1_ftM_sl720_pl96_cycle24_seed2026/checkpoint.pth,results/phaseformer_s2026_phaseformer_seed2026_0722v1_r2_20260722T142836_full_ETTh1_l720_h96_s2026_PhaseFormer_ETTh1_ftM_sl720_pl96_cycle24_seed2026/metrics_summary.csv,results/phaseformer_s2026_phaseformer_seed2026_0722v1_r2_20260722T142836_full_ETTh1_l720_h96_s2026_PhaseFormer_ETTh1_ftM_sl720_pl96_cycle24_seed2026/phaseformer_seed2026_config.json,
45,PhaseFormer,ETTh1,720,192,2026,phase_p24_l3_d4_h1_r8,completion_0716v2_locked_profile,ok,0.41194920543340446,0.41617761501549116,9.710595168591196,0.6418326927115855,2092,75.10653638839722,1.5315470695495605,0.17638856311913687,35.48779296875,71.1572265625,2689,1,2,results/phaseformer_s2026_phaseformer_seed2026_0722v1_r2_20260722T142836_full_ETTh1_l720_h192_s2026_PhaseFormer_ETTh1_ftM_sl720_pl192_cycle24_seed2026,checkpoints/phaseformer_seed2026/phaseformer_seed2026_0722v1_r2_20260722T142836_full/phaseformer_s2026_phaseformer_seed2026_0722v1_r2_20260722T142836_full_ETTh1_l720_h192_s2026_PhaseFormer_ETTh1_ftM_sl720_pl192_cycle24_seed2026/checkpoint.pth,results/phaseformer_s2026_phaseformer_seed2026_0722v1_r2_20260722T142836_full_ETTh1_l720_h192_s2026_PhaseFormer_ETTh1_ftM_sl720_pl192_cycle24_seed2026/metrics_summary.csv,results/phaseformer_s2026_phaseformer_seed2026_0722v1_r2_20260722T142836_full_ETTh1_l720_h192_s2026_PhaseFormer_ETTh1_ftM_sl720_pl192_cycle24_seed2026/phaseformer_seed2026_config.json,
46,PhaseFormer,ETTh1,720,336,2026,phase_p24_l3_d4_h1_r8,completion_0716v2_locked_profile,ok,0.4287572259034506,0.4251908325323618,8.852274952773788,0.6547955603877065,2122,63.030171394348145,2.1534409523010254,0.24695427813164686,35.84814453125,71.4560546875,2545,1,2,results/phaseformer_s2026_phaseformer_seed2026_0722v1_r2_20260722T142836_full_ETTh1_l720_h336_s2026_PhaseFormer_ETTh1_ftM_sl720_pl336_cycle24_seed2026,checkpoints/phaseformer_seed2026/phaseformer_seed2026_0722v1_r2_20260722T142836_full/phaseformer_s2026_phaseformer_seed2026_0722v1_r2_20260722T142836_full_ETTh1_l720_h336_s2026_PhaseFormer_ETTh1_ftM_sl720_pl336_cycle24_seed2026/checkpoint.pth,results/phaseformer_s2026_phaseformer_seed2026_0722v1_r2_20260722T142836_full_ETTh1_l720_h336_s2026_PhaseFormer_ETTh1_ftM_sl720_pl336_cycle24_seed2026/metrics_summary.csv,results/phaseformer_s2026_phaseformer_seed2026_0722v1_r2_20260722T142836_full_ETTh1_l720_h336_s2026_PhaseFormer_ETTh1_ftM_sl720_pl336_cycle24_seed2026/phaseformer_seed2026_config.json,
47,PhaseFormer,ETTh1,720,720,2026,phase_p24_l3_d32_h2_r16,completion_0716v2_locked_profile,ok,0.4180024960740493,0.44093329274369464,9.106482442223347,0.6465311253714312,60762,94.75905585289001,2.159458637237549,0.2762434883794132,40.37744140625,93.19140625,2161,1,2,results/phaseformer_s2026_phaseformer_seed2026_0722v1_r2_20260722T142836_full_ETTh1_l720_h720_s2026_PhaseFormer_ETTh1_ftM_sl720_pl720_cycle24_seed2026,checkpoints/phaseformer_seed2026/phaseformer_seed2026_0722v1_r2_20260722T142836_full/phaseformer_s2026_phaseformer_seed2026_0722v1_r2_20260722T142836_full_ETTh1_l720_h720_s2026_PhaseFormer_ETTh1_ftM_sl720_pl720_cycle24_seed2026/checkpoint.pth,results/phaseformer_s2026_phaseformer_seed2026_0722v1_r2_20260722T142836_full_ETTh1_l720_h720_s2026_PhaseFormer_ETTh1_ftM_sl720_pl720_cycle24_seed2026/metrics_summary.csv,results/phaseformer_s2026_phaseformer_seed2026_0722v1_r2_20260722T142836_full_ETTh1_l720_h720_s2026_PhaseFormer_ETTh1_ftM_sl720_pl720_cycle24_seed2026/phaseformer_seed2026_config.json,
48,PhaseFormer,ETTh2,720,96,2026,phase_p24_l1_d8_h1_r8,completion_0716v2_locked_profile,ok,0.28232705783498463,0.343274166982845,1.4458536713957062,0.5313445754263278,1716,86.42302536964417,1.8639345169067383,0.15494995331433492,35.21142578125,68.552734375,2785,1,2,results/phaseformer_s2026_phaseformer_seed2026_0722v1_r2_20260722T142836_full_ETTh2_l720_h96_s2026_PhaseFormer_ETTh2_ftM_sl720_pl96_cycle24_seed2026,checkpoints/phaseformer_seed2026/phaseformer_seed2026_0722v1_r2_20260722T142836_full/phaseformer_s2026_phaseformer_seed2026_0722v1_r2_20260722T142836_full_ETTh2_l720_h96_s2026_PhaseFormer_ETTh2_ftM_sl720_pl96_cycle24_seed2026/checkpoint.pth,results/phaseformer_s2026_phaseformer_seed2026_0722v1_r2_20260722T142836_full_ETTh2_l720_h96_s2026_PhaseFormer_ETTh2_ftM_sl720_pl96_cycle24_seed2026/metrics_summary.csv,results/phaseformer_s2026_phaseformer_seed2026_0722v1_r2_20260722T142836_full_ETTh2_l720_h96_s2026_PhaseFormer_ETTh2_ftM_sl720_pl96_cycle24_seed2026/phaseformer_seed2026_config.json,
49,PhaseFormer,ETTh2,720,192,2026,phase_p24_l1_d8_h1_r8,completion_0716v2_locked_profile,ok,0.34483130051512717,0.381016016639694,1.5494435329896068,0.587223382125684,1752,81.19213509559631,1.8663840293884277,0.16115068986154013,35.45166015625,68.751953125,2689,1,2,results/phaseformer_s2026_phaseformer_seed2026_0722v1_r2_20260722T142836_full_ETTh2_l720_h192_s2026_PhaseFormer_ETTh2_ftM_sl720_pl192_cycle24_seed2026,checkpoints/phaseformer_seed2026/phaseformer_seed2026_0722v1_r2_20260722T142836_full/phaseformer_s2026_phaseformer_seed2026_0722v1_r2_20260722T142836_full_ETTh2_l720_h192_s2026_PhaseFormer_ETTh2_ftM_sl720_pl192_cycle24_seed2026/checkpoint.pth,results/phaseformer_s2026_phaseformer_seed2026_0722v1_r2_20260722T142836_full_ETTh2_l720_h192_s2026_PhaseFormer_ETTh2_ftM_sl720_pl192_cycle24_seed2026/metrics_summary.csv,results/phaseformer_s2026_phaseformer_seed2026_0722v1_r2_20260722T142836_full_ETTh2_l720_h192_s2026_PhaseFormer_ETTh2_ftM_sl720_pl192_cycle24_seed2026/phaseformer_seed2026_config.json,
50,PhaseFormer,ETTh2,720,336,2026,phase_p24_l1_d8_h1_r8,completion_0716v2_locked_profile,ok,0.3701070621623775,0.4046840989508938,1.7412123927124015,0.6083642512199229,1806,73.55926275253296,1.3875882625579834,0.11007169557530397,35.81201171875,69.05078125,2545,1,2,results/phaseformer_s2026_phaseformer_seed2026_0722v1_r2_20260722T142836_full_ETTh2_l720_h336_s2026_PhaseFormer_ETTh2_ftM_sl720_pl336_cycle24_seed2026,checkpoints/phaseformer_seed2026/phaseformer_seed2026_0722v1_r2_20260722T142836_full/phaseformer_s2026_phaseformer_seed2026_0722v1_r2_20260722T142836_full_ETTh2_l720_h336_s2026_PhaseFormer_ETTh2_ftM_sl720_pl336_cycle24_seed2026/checkpoint.pth,results/phaseformer_s2026_phaseformer_seed2026_0722v1_r2_20260722T142836_full_ETTh2_l720_h336_s2026_PhaseFormer_ETTh2_ftM_sl720_pl336_cycle24_seed2026/metrics_summary.csv,results/phaseformer_s2026_phaseformer_seed2026_0722v1_r2_20260722T142836_full_ETTh2_l720_h336_s2026_PhaseFormer_ETTh2_ftM_sl720_pl336_cycle24_seed2026/phaseformer_seed2026_config.json,
51,PhaseFormer,ETTh2,720,720,2026,phase_p24_l1_d4_h1_r4,completion_0716v2_locked_profile,ok,0.4098819425669797,0.4398836830649663,2.1086953259639145,0.6402202297389389,718,65.07014632225037,1.7629876136779785,0.18828142471691228,36.38134765625,69.57177734375,2161,1,2,results/phaseformer_s2026_phaseformer_seed2026_0722v1_r2_20260722T142836_full_ETTh2_l720_h720_s2026_PhaseFormer_ETTh2_ftM_sl720_pl720_cycle24_seed2026,checkpoints/phaseformer_seed2026/phaseformer_seed2026_0722v1_r2_20260722T142836_full/phaseformer_s2026_phaseformer_seed2026_0722v1_r2_20260722T142836_full_ETTh2_l720_h720_s2026_PhaseFormer_ETTh2_ftM_sl720_pl720_cycle24_seed2026/checkpoint.pth,results/phaseformer_s2026_phaseformer_seed2026_0722v1_r2_20260722T142836_full_ETTh2_l720_h720_s2026_PhaseFormer_ETTh2_ftM_sl720_pl720_cycle24_seed2026/metrics_summary.csv,results/phaseformer_s2026_phaseformer_seed2026_0722v1_r2_20260722T142836_full_ETTh2_l720_h720_s2026_PhaseFormer_ETTh2_ftM_sl720_pl720_cycle24_seed2026/phaseformer_seed2026_config.json,
52,PhaseFormer,ETTm1,720,96,2026,phase_p24_l2_d8_h1_r8,completion_0716v2_locked_profile,ok,0.29532520196321277,0.3455300111006587,2.170397387775134,0.5434383147729029,3666,527.4467353820801,3.4915049076080322,0.10972522730537623,35.701171875,71.10888671875,11425,1,2,results/phaseformer_s2026_phaseformer_seed2026_0722v1_r2_20260722T142836_full_ETTm1_l720_h96_s2026_PhaseFormer_ETTm1_ftM_sl720_pl96_cycle96_seed2026,checkpoints/phaseformer_seed2026/phaseformer_seed2026_0722v1_r2_20260722T142836_full/phaseformer_s2026_phaseformer_seed2026_0722v1_r2_20260722T142836_full_ETTm1_l720_h96_s2026_PhaseFormer_ETTm1_ftM_sl720_pl96_cycle96_seed2026/checkpoint.pth,results/phaseformer_s2026_phaseformer_seed2026_0722v1_r2_20260722T142836_full_ETTm1_l720_h96_s2026_PhaseFormer_ETTm1_ftM_sl720_pl96_cycle96_seed2026/metrics_summary.csv,results/phaseformer_s2026_phaseformer_seed2026_0722v1_r2_20260722T142836_full_ETTm1_l720_h96_s2026_PhaseFormer_ETTm1_ftM_sl720_pl96_cycle96_seed2026/phaseformer_seed2026_config.json,
53,PhaseFormer,ETTm1,720,192,2026,phase_p24_l2_d8_h1_r8,completion_0716v2_locked_profile,ok,0.324119122011441,0.36051558824815566,2.2097781602522035,0.5693146072352623,3702,507.6018509864807,4.068242788314819,0.12383200990992033,35.94140625,71.26708984375,11329,1,2,results/phaseformer_s2026_phaseformer_seed2026_0722v1_r2_20260722T142836_full_ETTm1_l720_h192_s2026_PhaseFormer_ETTm1_ftM_sl720_pl192_cycle96_seed2026,checkpoints/phaseformer_seed2026/phaseformer_seed2026_0722v1_r2_20260722T142836_full/phaseformer_s2026_phaseformer_seed2026_0722v1_r2_20260722T142836_full_ETTm1_l720_h192_s2026_PhaseFormer_ETTm1_ftM_sl720_pl192_cycle96_seed2026/checkpoint.pth,results/phaseformer_s2026_phaseformer_seed2026_0722v1_r2_20260722T142836_full_ETTm1_l720_h192_s2026_PhaseFormer_ETTm1_ftM_sl720_pl192_cycle96_seed2026/metrics_summary.csv,results/phaseformer_s2026_phaseformer_seed2026_0722v1_r2_20260722T142836_full_ETTm1_l720_h192_s2026_PhaseFormer_ETTm1_ftM_sl720_pl192_cycle96_seed2026/phaseformer_seed2026_config.json,
54,PhaseFormer,ETTm1,720,336,2026,phase_p24_l1_d8_h1_r8,completion_0716v2_locked_profile,ok,0.35953996713265846,0.3813702611680565,2.310427062555158,0.5996165167276986,1806,226.13648223876953,3.8102948665618896,0.09202516620464966,35.81201171875,69.05078125,11185,1,2,results/phaseformer_s2026_phaseformer_seed2026_0722v1_r2_20260722T142836_full_ETTm1_l720_h336_s2026_PhaseFormer_ETTm1_ftM_sl720_pl336_cycle96_seed2026,checkpoints/phaseformer_seed2026/phaseformer_seed2026_0722v1_r2_20260722T142836_full/phaseformer_s2026_phaseformer_seed2026_0722v1_r2_20260722T142836_full_ETTm1_l720_h336_s2026_PhaseFormer_ETTm1_ftM_sl720_pl336_cycle96_seed2026/checkpoint.pth,results/phaseformer_s2026_phaseformer_seed2026_0722v1_r2_20260722T142836_full_ETTm1_l720_h336_s2026_PhaseFormer_ETTm1_ftM_sl720_pl336_cycle96_seed2026/metrics_summary.csv,results/phaseformer_s2026_phaseformer_seed2026_0722v1_r2_20260722T142836_full_ETTm1_l720_h336_s2026_PhaseFormer_ETTm1_ftM_sl720_pl336_cycle96_seed2026/phaseformer_seed2026_config.json,
55,PhaseFormer,ETTm1,720,720,2026,phase_p24_l2_d8_h1_r8,completion_0716v2_locked_profile,ok,0.41194357698596507,0.41101613942179704,2.4606833925650426,0.6418283080279064,3900,363.35109663009644,3.978654384613037,0.1242414535258323,37.26318359375,72.3232421875,10801,1,2,results/phaseformer_s2026_phaseformer_seed2026_0722v1_r2_20260722T142836_full_ETTm1_l720_h720_s2026_PhaseFormer_ETTm1_ftM_sl720_pl720_cycle96_seed2026,checkpoints/phaseformer_seed2026/phaseformer_seed2026_0722v1_r2_20260722T142836_full/phaseformer_s2026_phaseformer_seed2026_0722v1_r2_20260722T142836_full_ETTm1_l720_h720_s2026_PhaseFormer_ETTm1_ftM_sl720_pl720_cycle96_seed2026/checkpoint.pth,results/phaseformer_s2026_phaseformer_seed2026_0722v1_r2_20260722T142836_full_ETTm1_l720_h720_s2026_PhaseFormer_ETTm1_ftM_sl720_pl720_cycle96_seed2026/metrics_summary.csv,results/phaseformer_s2026_phaseformer_seed2026_0722v1_r2_20260722T142836_full_ETTm1_l720_h720_s2026_PhaseFormer_ETTm1_ftM_sl720_pl720_cycle96_seed2026/phaseformer_seed2026_config.json,
56,PhaseFormer,ETTm2,720,96,2026,phase_p24_l2_d8_h1_r8,completion_0716v2_locked_profile,ok,0.17398087677521226,0.2632271891138953,1.047368731186023,0.41711014945121183,3666,228.82841086387634,4.177942991256714,0.12913987860266993,35.701171875,71.10888671875,11425,1,2,results/phaseformer_s2026_phaseformer_seed2026_0722v1_r2_20260722T142836_full_ETTm2_l720_h96_s2026_PhaseFormer_ETTm2_ftM_sl720_pl96_cycle96_seed2026,checkpoints/phaseformer_seed2026/phaseformer_seed2026_0722v1_r2_20260722T142836_full/phaseformer_s2026_phaseformer_seed2026_0722v1_r2_20260722T142836_full_ETTm2_l720_h96_s2026_PhaseFormer_ETTm2_ftM_sl720_pl96_cycle96_seed2026/checkpoint.pth,results/phaseformer_s2026_phaseformer_seed2026_0722v1_r2_20260722T142836_full_ETTm2_l720_h96_s2026_PhaseFormer_ETTm2_ftM_sl720_pl96_cycle96_seed2026/metrics_summary.csv,results/phaseformer_s2026_phaseformer_seed2026_0722v1_r2_20260722T142836_full_ETTm2_l720_h96_s2026_PhaseFormer_ETTm2_ftM_sl720_pl96_cycle96_seed2026/phaseformer_seed2026_config.json,
57,PhaseFormer,ETTm2,720,192,2026,phase_p24_l1_d8_h1_r8,completion_0716v2_locked_profile,ok,0.22160574427523363,0.29362745895420284,1.1417993948818566,0.4707501930697784,1752,298.2115845680237,3.56636905670166,0.08485158972796626,35.45166015625,68.751953125,11329,1,2,results/phaseformer_s2026_phaseformer_seed2026_0722v1_r2_20260722T142836_full_ETTm2_l720_h192_s2026_PhaseFormer_ETTm2_ftM_sl720_pl192_cycle96_seed2026,checkpoints/phaseformer_seed2026/phaseformer_seed2026_0722v1_r2_20260722T142836_full/phaseformer_s2026_phaseformer_seed2026_0722v1_r2_20260722T142836_full_ETTm2_l720_h192_s2026_PhaseFormer_ETTm2_ftM_sl720_pl192_cycle96_seed2026/checkpoint.pth,results/phaseformer_s2026_phaseformer_seed2026_0722v1_r2_20260722T142836_full_ETTm2_l720_h192_s2026_PhaseFormer_ETTm2_ftM_sl720_pl192_cycle96_seed2026/metrics_summary.csv,results/phaseformer_s2026_phaseformer_seed2026_0722v1_r2_20260722T142836_full_ETTm2_l720_h192_s2026_PhaseFormer_ETTm2_ftM_sl720_pl192_cycle96_seed2026/phaseformer_seed2026_config.json,
58,PhaseFormer,ETTm2,720,336,2026,phase_p24_l1_d8_h1_r8,completion_0716v2_locked_profile,ok,0.27044478302063685,0.32573638202474164,1.2411088304902997,0.5200430588140148,1806,210.77352023124695,3.1576590538024902,0.07978225781067716,35.81201171875,69.05078125,11185,1,2,results/phaseformer_s2026_phaseformer_seed2026_0722v1_r2_20260722T142836_full_ETTm2_l720_h336_s2026_PhaseFormer_ETTm2_ftM_sl720_pl336_cycle96_seed2026,checkpoints/phaseformer_seed2026/phaseformer_seed2026_0722v1_r2_20260722T142836_full/phaseformer_s2026_phaseformer_seed2026_0722v1_r2_20260722T142836_full_ETTm2_l720_h336_s2026_PhaseFormer_ETTm2_ftM_sl720_pl336_cycle96_seed2026/checkpoint.pth,results/phaseformer_s2026_phaseformer_seed2026_0722v1_r2_20260722T142836_full_ETTm2_l720_h336_s2026_PhaseFormer_ETTm2_ftM_sl720_pl336_cycle96_seed2026/metrics_summary.csv,results/phaseformer_s2026_phaseformer_seed2026_0722v1_r2_20260722T142836_full_ETTm2_l720_h336_s2026_PhaseFormer_ETTm2_ftM_sl720_pl336_cycle96_seed2026/phaseformer_seed2026_config.json,
59,PhaseFormer,ETTm2,720,720,2026,phase_p24_l1_d8_h1_r8,completion_0716v2_locked_profile,ok,0.35522407669980327,0.38078972317426246,1.4289979117142393,0.5960067757163532,1950,195.9529252052307,3.69698166847229,0.0863383345465825,36.7734375,69.97119140625,10801,1,2,results/phaseformer_s2026_phaseformer_seed2026_0722v1_r2_20260722T142836_full_ETTm2_l720_h720_s2026_PhaseFormer_ETTm2_ftM_sl720_pl720_cycle96_seed2026,checkpoints/phaseformer_seed2026/phaseformer_seed2026_0722v1_r2_20260722T142836_full/phaseformer_s2026_phaseformer_seed2026_0722v1_r2_20260722T142836_full_ETTm2_l720_h720_s2026_PhaseFormer_ETTm2_ftM_sl720_pl720_cycle96_seed2026/checkpoint.pth,results/phaseformer_s2026_phaseformer_seed2026_0722v1_r2_20260722T142836_full_ETTm2_l720_h720_s2026_PhaseFormer_ETTm2_ftM_sl720_pl720_cycle96_seed2026/metrics_summary.csv,results/phaseformer_s2026_phaseformer_seed2026_0722v1_r2_20260722T142836_full_ETTm2_l720_h720_s2026_PhaseFormer_ETTm2_ftM_sl720_pl720_cycle96_seed2026/phaseformer_seed2026_config.json,
60,PhaseFormer,weather,720,96,2026,phase_p24_l3_d8_h1_r8,locked_0713v1_0716v1_reproduction_profile,ok,0.14770661322495673,0.1919446193285254,11.298407926638367,0.38432618076961234,5616,622.0823605060577,2.807739496231079,0.17079082152958977,40.45166015625,89.8271484375,10444,1,2,results/phaseformer_s2026_phaseformer_seed2026_0722v1_r2_20260722T142836_full_weather_l720_h96_s2026_PhaseFormer_custom_ftM_sl720_pl96_cycle144_seed2026,checkpoints/phaseformer_seed2026/phaseformer_seed2026_0722v1_r2_20260722T142836_full/phaseformer_s2026_phaseformer_seed2026_0722v1_r2_20260722T142836_full_weather_l720_h96_s2026_PhaseFormer_custom_ftM_sl720_pl96_cycle144_seed2026/checkpoint.pth,results/phaseformer_s2026_phaseformer_seed2026_0722v1_r2_20260722T142836_full_weather_l720_h96_s2026_PhaseFormer_custom_ftM_sl720_pl96_cycle144_seed2026/metrics_summary.csv,results/phaseformer_s2026_phaseformer_seed2026_0722v1_r2_20260722T142836_full_weather_l720_h96_s2026_PhaseFormer_custom_ftM_sl720_pl96_cycle144_seed2026/phaseformer_seed2026_config.json,
61,PhaseFormer,weather,720,192,2026,phase_p24_l2_d8_h1_r8,locked_0713v1_0716v1_reproduction_profile,ok,0.19423296628738462,0.23888019506888716,12.458178418595658,0.44071869291803883,3702,219.88375616073608,1.9943373203277588,0.10182944442530548,41.083984375,82.91748046875,10348,1,2,results/phaseformer_s2026_phaseformer_seed2026_0722v1_r2_20260722T142836_full_weather_l720_h192_s2026_PhaseFormer_custom_ftM_sl720_pl192_cycle144_seed2026,checkpoints/phaseformer_seed2026/phaseformer_seed2026_0722v1_r2_20260722T142836_full/phaseformer_s2026_phaseformer_seed2026_0722v1_r2_20260722T142836_full_weather_l720_h192_s2026_PhaseFormer_custom_ftM_sl720_pl192_cycle144_seed2026/checkpoint.pth,results/phaseformer_s2026_phaseformer_seed2026_0722v1_r2_20260722T142836_full_weather_l720_h192_s2026_PhaseFormer_custom_ftM_sl720_pl192_cycle144_seed2026/metrics_summary.csv,results/phaseformer_s2026_phaseformer_seed2026_0722v1_r2_20260722T142836_full_weather_l720_h192_s2026_PhaseFormer_custom_ftM_sl720_pl192_cycle144_seed2026/phaseformer_seed2026_config.json,
62,PhaseFormer,weather,720,336,2026,phase_p24_l2_d8_h1_r8,locked_0713v1_0716v1_reproduction_profile,ok,0.24393522620636165,0.2798689333543606,12.670410893014981,0.49389799170108156,3756,286.85666131973267,2.099443197250366,0.10472552600693284,42.0595703125,83.87744140625,10204,1,2,results/phaseformer_s2026_phaseformer_seed2026_0722v1_r2_20260722T142836_full_weather_l720_h336_s2026_PhaseFormer_custom_ftM_sl720_pl336_cycle144_seed2026,checkpoints/phaseformer_seed2026/phaseformer_seed2026_0722v1_r2_20260722T142836_full/phaseformer_s2026_phaseformer_seed2026_0722v1_r2_20260722T142836_full_weather_l720_h336_s2026_PhaseFormer_custom_ftM_sl720_pl336_cycle144_seed2026/checkpoint.pth,results/phaseformer_s2026_phaseformer_seed2026_0722v1_r2_20260722T142836_full_weather_l720_h336_s2026_PhaseFormer_custom_ftM_sl720_pl336_cycle144_seed2026/metrics_summary.csv,results/phaseformer_s2026_phaseformer_seed2026_0722v1_r2_20260722T142836_full_weather_l720_h336_s2026_PhaseFormer_custom_ftM_sl720_pl336_cycle144_seed2026/phaseformer_seed2026_config.json,
63,PhaseFormer,weather,720,720,2026,phase_p24_l2_d8_h1_r8,locked_0713v1_0716v1_reproduction_profile,ok,0.3140812773179363,0.3306505031931593,14.858612315160794,0.5604295471492704,3900,273.6997916698456,2.3513875007629395,0.12087055355181933,44.81005859375,87.46484375,9820,1,2,results/phaseformer_s2026_phaseformer_seed2026_0722v1_r2_20260722T142836_full_weather_l720_h720_s2026_PhaseFormer_custom_ftM_sl720_pl720_cycle144_seed2026,checkpoints/phaseformer_seed2026/phaseformer_seed2026_0722v1_r2_20260722T142836_full/phaseformer_s2026_phaseformer_seed2026_0722v1_r2_20260722T142836_full_weather_l720_h720_s2026_PhaseFormer_custom_ftM_sl720_pl720_cycle144_seed2026/checkpoint.pth,results/phaseformer_s2026_phaseformer_seed2026_0722v1_r2_20260722T142836_full_weather_l720_h720_s2026_PhaseFormer_custom_ftM_sl720_pl720_cycle144_seed2026/metrics_summary.csv,results/phaseformer_s2026_phaseformer_seed2026_0722v1_r2_20260722T142836_full_weather_l720_h720_s2026_PhaseFormer_custom_ftM_sl720_pl720_cycle144_seed2026/phaseformer_seed2026_config.json,
64,PhaseFormer,electricity,720,96,2026,phase_p24_l2_d8_h1_r8,locked_0713v1_0716v1_reproduction_profile,ok,0.1295508252879051,0.2215672930333046,2.2131108088205322,0.35993169530885316,3666,635.2609875202179,2.893965244293213,0.17817974602104872,154.9326171875,343.35498046875,5165,1,2,results/phaseformer_s2026_phaseformer_seed2026_0722v1_r2_20260722T142836_full_electricity_l720_h96_s2026_PhaseFormer_custom_ftM_sl720_pl96_cycle168_seed2026,checkpoints/phaseformer_seed2026/phaseformer_seed2026_0722v1_r2_20260722T142836_full/phaseformer_s2026_phaseformer_seed2026_0722v1_r2_20260722T142836_full_electricity_l720_h96_s2026_PhaseFormer_custom_ftM_sl720_pl96_cycle168_seed2026/checkpoint.pth,results/phaseformer_s2026_phaseformer_seed2026_0722v1_r2_20260722T142836_full_electricity_l720_h96_s2026_PhaseFormer_custom_ftM_sl720_pl96_cycle168_seed2026/metrics_summary.csv,results/phaseformer_s2026_phaseformer_seed2026_0722v1_r2_20260722T142836_full_electricity_l720_h96_s2026_PhaseFormer_custom_ftM_sl720_pl96_cycle168_seed2026/phaseformer_seed2026_config.json,
65,PhaseFormer,electricity,720,192,2026,phase_p24_l1_d128_h4_r4,locked_0713v1_0716v1_reproduction_profile,ok,0.14507811945036367,0.23447125604167182,2.4474510237202853,0.3808912173447475,273160,533.4228136539459,3.6223363876342773,0.2759946731072504,828.255859375,1665.09619140625,5069,1,2,results/phaseformer_s2026_phaseformer_seed2026_0722v1_r2_20260722T142836_full_electricity_l720_h192_s2026_PhaseFormer_custom_ftM_sl720_pl192_cycle168_seed2026,checkpoints/phaseformer_seed2026/phaseformer_seed2026_0722v1_r2_20260722T142836_full/phaseformer_s2026_phaseformer_seed2026_0722v1_r2_20260722T142836_full_electricity_l720_h192_s2026_PhaseFormer_custom_ftM_sl720_pl192_cycle168_seed2026/checkpoint.pth,results/phaseformer_s2026_phaseformer_seed2026_0722v1_r2_20260722T142836_full_electricity_l720_h192_s2026_PhaseFormer_custom_ftM_sl720_pl192_cycle168_seed2026/metrics_summary.csv,results/phaseformer_s2026_phaseformer_seed2026_0722v1_r2_20260722T142836_full_electricity_l720_h192_s2026_PhaseFormer_custom_ftM_sl720_pl192_cycle168_seed2026/phaseformer_seed2026_config.json,
66,PhaseFormer,electricity,720,336,2026,phase_p24_l2_d8_h1_r8,locked_0713v1_0716v1_reproduction_profile,ok,0.16677378918432337,0.25915032646171965,2.4579639926866625,0.4083794671433952,3756,541.0984275341034,3.6621527671813965,0.19457810107490928,179.4716796875,370.02587890625,4925,1,2,results/phaseformer_s2026_phaseformer_seed2026_0722v1_r2_20260722T142836_full_electricity_l720_h336_s2026_PhaseFormer_custom_ftM_sl720_pl336_cycle168_seed2026,checkpoints/phaseformer_seed2026/phaseformer_seed2026_0722v1_r2_20260722T142836_full/phaseformer_s2026_phaseformer_seed2026_0722v1_r2_20260722T142836_full_electricity_l720_h336_s2026_PhaseFormer_custom_ftM_sl720_pl336_cycle168_seed2026/checkpoint.pth,results/phaseformer_s2026_phaseformer_seed2026_0722v1_r2_20260722T142836_full_electricity_l720_h336_s2026_PhaseFormer_custom_ftM_sl720_pl336_cycle168_seed2026/metrics_summary.csv,results/phaseformer_s2026_phaseformer_seed2026_0722v1_r2_20260722T142836_full_electricity_l720_h336_s2026_PhaseFormer_custom_ftM_sl720_pl336_cycle168_seed2026/phaseformer_seed2026_config.json,
67,PhaseFormer,electricity,720,720,2026,phase_p24_l1_d128_h4_r4,locked_0713v1_0716v1_reproduction_profile,ok,0.19833727028038967,0.2842105251104907,2.923275744066816,0.44535072727052966,275998,556.8152918815613,5.069611549377441,0.31970073085973943,878.75390625,1695.89013671875,4541,1,2,results/phaseformer_s2026_phaseformer_seed2026_0722v1_r2_20260722T142836_full_electricity_l720_h720_s2026_PhaseFormer_custom_ftM_sl720_pl720_cycle168_seed2026,checkpoints/phaseformer_seed2026/phaseformer_seed2026_0722v1_r2_20260722T142836_full/phaseformer_s2026_phaseformer_seed2026_0722v1_r2_20260722T142836_full_electricity_l720_h720_s2026_PhaseFormer_custom_ftM_sl720_pl720_cycle168_seed2026/checkpoint.pth,results/phaseformer_s2026_phaseformer_seed2026_0722v1_r2_20260722T142836_full_electricity_l720_h720_s2026_PhaseFormer_custom_ftM_sl720_pl720_cycle168_seed2026/metrics_summary.csv,results/phaseformer_s2026_phaseformer_seed2026_0722v1_r2_20260722T142836_full_electricity_l720_h720_s2026_PhaseFormer_custom_ftM_sl720_pl720_cycle168_seed2026/phaseformer_seed2026_config.json,
68,PhaseFormer,traffic,720,96,2026,phase_p24_l2_d32_h8_r1,completion_0716v2_locked_profile,ok,0.35876341035422427,0.2315320857737469,2.082880170501958,0.5989686221783443,37154,1168.9642660617828,9.128834009170532,0.6391635411007616,208.63427734375,541.37353515625,3413,1,2,results/phaseformer_s2026_phaseformer_seed2026_0722v1_r2_20260722T142836_full_traffic_l720_h96_s2026_PhaseFormer_custom_ftM_sl720_pl96_cycle168_seed2026,checkpoints/phaseformer_seed2026/phaseformer_seed2026_0722v1_r2_20260722T142836_full/phaseformer_s2026_phaseformer_seed2026_0722v1_r2_20260722T142836_full_traffic_l720_h96_s2026_PhaseFormer_custom_ftM_sl720_pl96_cycle168_seed2026/checkpoint.pth,results/phaseformer_s2026_phaseformer_seed2026_0722v1_r2_20260722T142836_full_traffic_l720_h96_s2026_PhaseFormer_custom_ftM_sl720_pl96_cycle168_seed2026/metrics_summary.csv,results/phaseformer_s2026_phaseformer_seed2026_0722v1_r2_20260722T142836_full_traffic_l720_h96_s2026_PhaseFormer_custom_ftM_sl720_pl96_cycle168_seed2026/phaseformer_seed2026_config.json,
69,PhaseFormer,traffic,720,192,2026,phase_p24_l1_d128_h4_r4,completion_0716v2_locked_profile,ok,0.3783568291931283,0.23962362026147044,2.1538137848973045,0.6151071688682618,273160,1091.7487559318542,9.412981271743774,0.7151326465626512,567.81982421875,1141.595703125,3317,1,2,results/phaseformer_s2026_phaseformer_seed2026_0722v1_r2_20260722T142836_full_traffic_l720_h192_s2026_PhaseFormer_custom_ftM_sl720_pl192_cycle168_seed2026,checkpoints/phaseformer_seed2026/phaseformer_seed2026_0722v1_r2_20260722T142836_full/phaseformer_s2026_phaseformer_seed2026_0722v1_r2_20260722T142836_full_traffic_l720_h192_s2026_PhaseFormer_custom_ftM_sl720_pl192_cycle168_seed2026/checkpoint.pth,results/phaseformer_s2026_phaseformer_seed2026_0722v1_r2_20260722T142836_full_traffic_l720_h192_s2026_PhaseFormer_custom_ftM_sl720_pl192_cycle168_seed2026/metrics_summary.csv,results/phaseformer_s2026_phaseformer_seed2026_0722v1_r2_20260722T142836_full_traffic_l720_h192_s2026_PhaseFormer_custom_ftM_sl720_pl192_cycle168_seed2026/phaseformer_seed2026_config.json,
70,PhaseFormer,traffic,720,336,2026,phase_p24_l1_d128_h4_r4,completion_0716v2_locked_profile,ok,0.4010261837749131,0.2485245633113099,2.279526928556775,0.633266281886943,273934,1399.2577250003815,10.284100532531738,0.7328549589839372,576.66748046875,1146.99951171875,3173,1,2,results/phaseformer_s2026_phaseformer_seed2026_0722v1_r2_20260722T142836_full_traffic_l720_h336_s2026_PhaseFormer_custom_ftM_sl720_pl336_cycle168_seed2026,checkpoints/phaseformer_seed2026/phaseformer_seed2026_0722v1_r2_20260722T142836_full/phaseformer_s2026_phaseformer_seed2026_0722v1_r2_20260722T142836_full_traffic_l720_h336_s2026_PhaseFormer_custom_ftM_sl720_pl336_cycle168_seed2026/checkpoint.pth,results/phaseformer_s2026_phaseformer_seed2026_0722v1_r2_20260722T142836_full_traffic_l720_h336_s2026_PhaseFormer_custom_ftM_sl720_pl336_cycle168_seed2026/metrics_summary.csv,results/phaseformer_s2026_phaseformer_seed2026_0722v1_r2_20260722T142836_full_traffic_l720_h336_s2026_PhaseFormer_custom_ftM_sl720_pl336_cycle168_seed2026/phaseformer_seed2026_config.json,
71,PhaseFormer,traffic,720,720,2026,phase_p24_l1_d128_h4_r4,completion_0716v2_locked_profile,ok,0.4359831533150258,0.2723011468248753,2.3683829542995767,0.6602902038611703,275998,831.3917922973633,10.165746212005615,0.730829642117294,601.87451171875,1161.36474609375,2789,1,2,results/phaseformer_s2026_phaseformer_seed2026_0722v1_r2_20260722T142836_full_traffic_l720_h720_s2026_PhaseFormer_custom_ftM_sl720_pl720_cycle168_seed2026,checkpoints/phaseformer_seed2026/phaseformer_seed2026_0722v1_r2_20260722T142836_full/phaseformer_s2026_phaseformer_seed2026_0722v1_r2_20260722T142836_full_traffic_l720_h720_s2026_PhaseFormer_custom_ftM_sl720_pl720_cycle168_seed2026/checkpoint.pth,results/phaseformer_s2026_phaseformer_seed2026_0722v1_r2_20260722T142836_full_traffic_l720_h720_s2026_PhaseFormer_custom_ftM_sl720_pl720_cycle168_seed2026/metrics_summary.csv,results/phaseformer_s2026_phaseformer_seed2026_0722v1_r2_20260722T142836_full_traffic_l720_h720_s2026_PhaseFormer_custom_ftM_sl720_pl720_cycle168_seed2026/phaseformer_seed2026_config.json,
72,PhaseFormer,PEMS03,720,12,2026,phase_p12_l2_d8_h1_r8,completion_0716v2_pems_extension_period12,ok,0.06652964096038091,0.17147965580465188,1.281192407542895,0.25793340411893323,4197,822.0620083808899,6.261484861373901,0.2639342670041327,79.70458984375,159.80859375,5230,1,2,results/phaseformer_s2026_phaseformer_seed2026_0722v1_r2_20260722T142836_full_PEMS03_l720_h12_s2026_PhaseFormer_PEMS_ftM_sl720_pl12_cycle288_seed2026,checkpoints/phaseformer_seed2026/phaseformer_seed2026_0722v1_r2_20260722T142836_full/phaseformer_s2026_phaseformer_seed2026_0722v1_r2_20260722T142836_full_PEMS03_l720_h12_s2026_PhaseFormer_PEMS_ftM_sl720_pl12_cycle288_seed2026/checkpoint.pth,results/phaseformer_s2026_phaseformer_seed2026_0722v1_r2_20260722T142836_full_PEMS03_l720_h12_s2026_PhaseFormer_PEMS_ftM_sl720_pl12_cycle288_seed2026/metrics_summary.csv,results/phaseformer_s2026_phaseformer_seed2026_0722v1_r2_20260722T142836_full_PEMS03_l720_h12_s2026_PhaseFormer_PEMS_ftM_sl720_pl12_cycle288_seed2026/phaseformer_seed2026_config.json,
73,PhaseFormer,PEMS03,720,24,2026,phase_p12_l2_d8_h1_r8,completion_0716v2_pems_extension_period12,ok,0.08683337573537672,0.19582795935684388,1.449835743419818,0.2946750341229754,4206,816.9980247020721,6.338745832443237,0.24795357736326246,80.35986328125,160.2021484375,5218,1,2,results/phaseformer_s2026_phaseformer_seed2026_0722v1_r2_20260722T142836_full_PEMS03_l720_h24_s2026_PhaseFormer_PEMS_ftM_sl720_pl24_cycle288_seed2026,checkpoints/phaseformer_seed2026/phaseformer_seed2026_0722v1_r2_20260722T142836_full/phaseformer_s2026_phaseformer_seed2026_0722v1_r2_20260722T142836_full_PEMS03_l720_h24_s2026_PhaseFormer_PEMS_ftM_sl720_pl24_cycle288_seed2026/checkpoint.pth,results/phaseformer_s2026_phaseformer_seed2026_0722v1_r2_20260722T142836_full_PEMS03_l720_h24_s2026_PhaseFormer_PEMS_ftM_sl720_pl24_cycle288_seed2026/metrics_summary.csv,results/phaseformer_s2026_phaseformer_seed2026_0722v1_r2_20260722T142836_full_PEMS03_l720_h24_s2026_PhaseFormer_PEMS_ftM_sl720_pl24_cycle288_seed2026/phaseformer_seed2026_config.json,
74,PhaseFormer,PEMS03,720,48,2026,phase_p12_l2_d8_h1_r8,completion_0716v2_pems_extension_period12,ok,0.11919992141659402,0.22684816599110985,1.6248498530488147,0.3452534162272606,4224,814.878645658493,6.346717119216919,0.25716206272751124,81.6728515625,160.99072265625,5194,1,2,results/phaseformer_s2026_phaseformer_seed2026_0722v1_r2_20260722T142836_full_PEMS03_l720_h48_s2026_PhaseFormer_PEMS_ftM_sl720_pl48_cycle288_seed2026,checkpoints/phaseformer_seed2026/phaseformer_seed2026_0722v1_r2_20260722T142836_full/phaseformer_s2026_phaseformer_seed2026_0722v1_r2_20260722T142836_full_PEMS03_l720_h48_s2026_PhaseFormer_PEMS_ftM_sl720_pl48_cycle288_seed2026/checkpoint.pth,results/phaseformer_s2026_phaseformer_seed2026_0722v1_r2_20260722T142836_full_PEMS03_l720_h48_s2026_PhaseFormer_PEMS_ftM_sl720_pl48_cycle288_seed2026/metrics_summary.csv,results/phaseformer_s2026_phaseformer_seed2026_0722v1_r2_20260722T142836_full_PEMS03_l720_h48_s2026_PhaseFormer_PEMS_ftM_sl720_pl48_cycle288_seed2026/phaseformer_seed2026_config.json,
75,PhaseFormer,PEMS03,720,96,2026,phase_p12_l2_d8_h1_r8,completion_0716v2_pems_extension_period12,ok,0.15185633679835325,0.25586147628965245,1.8126046477933486,0.3896874860684562,4260,825.0760247707367,5.424255132675171,0.20681381222712883,84.89599609375,162.568359375,5146,1,2,results/phaseformer_s2026_phaseformer_seed2026_0722v1_r2_20260722T142836_full_PEMS03_l720_h96_s2026_PhaseFormer_PEMS_ftM_sl720_pl96_cycle288_seed2026,checkpoints/phaseformer_seed2026/phaseformer_seed2026_0722v1_r2_20260722T142836_full/phaseformer_s2026_phaseformer_seed2026_0722v1_r2_20260722T142836_full_PEMS03_l720_h96_s2026_PhaseFormer_PEMS_ftM_sl720_pl96_cycle288_seed2026/checkpoint.pth,results/phaseformer_s2026_phaseformer_seed2026_0722v1_r2_20260722T142836_full_PEMS03_l720_h96_s2026_PhaseFormer_PEMS_ftM_sl720_pl96_cycle288_seed2026/metrics_summary.csv,results/phaseformer_s2026_phaseformer_seed2026_0722v1_r2_20260722T142836_full_PEMS03_l720_h96_s2026_PhaseFormer_PEMS_ftM_sl720_pl96_cycle288_seed2026/phaseformer_seed2026_config.json,
76,PhaseFormer,PEMS04,720,12,2026,phase_p12_l2_d8_h1_r8,completion_0716v2_pems_extension_period12,ok,0.08228940076559883,0.19195663561216222,1.4434959126426823,0.2868612918565327,4197,489.03592896461487,4.163854598999023,0.2681325110165523,72.86279296875,145.04296875,3387,1,2,results/phaseformer_s2026_phaseformer_seed2026_0722v1_r2_20260722T142836_full_PEMS04_l720_h12_s2026_PhaseFormer_PEMS_ftM_sl720_pl12_cycle288_seed2026,checkpoints/phaseformer_seed2026/phaseformer_seed2026_0722v1_r2_20260722T142836_full/phaseformer_s2026_phaseformer_seed2026_0722v1_r2_20260722T142836_full_PEMS04_l720_h12_s2026_PhaseFormer_PEMS_ftM_sl720_pl12_cycle288_seed2026/checkpoint.pth,results/phaseformer_s2026_phaseformer_seed2026_0722v1_r2_20260722T142836_full_PEMS04_l720_h12_s2026_PhaseFormer_PEMS_ftM_sl720_pl12_cycle288_seed2026/metrics_summary.csv,results/phaseformer_s2026_phaseformer_seed2026_0722v1_r2_20260722T142836_full_PEMS04_l720_h12_s2026_PhaseFormer_PEMS_ftM_sl720_pl12_cycle288_seed2026/phaseformer_seed2026_config.json,
77,PhaseFormer,PEMS04,720,24,2026,phase_p12_l2_d8_h1_r8,completion_0716v2_pems_extension_period12,ok,0.10390348440443314,0.21717501293101976,1.7118061629431975,0.3223406341193011,4206,484.4529688358307,4.210967540740967,0.264920916494534,73.42529296875,145.380859375,3375,1,2,results/phaseformer_s2026_phaseformer_seed2026_0722v1_r2_20260722T142836_full_PEMS04_l720_h24_s2026_PhaseFormer_PEMS_ftM_sl720_pl24_cycle288_seed2026,checkpoints/phaseformer_seed2026/phaseformer_seed2026_0722v1_r2_20260722T142836_full/phaseformer_s2026_phaseformer_seed2026_0722v1_r2_20260722T142836_full_PEMS04_l720_h24_s2026_PhaseFormer_PEMS_ftM_sl720_pl24_cycle288_seed2026/checkpoint.pth,results/phaseformer_s2026_phaseformer_seed2026_0722v1_r2_20260722T142836_full_PEMS04_l720_h24_s2026_PhaseFormer_PEMS_ftM_sl720_pl24_cycle288_seed2026/metrics_summary.csv,results/phaseformer_s2026_phaseformer_seed2026_0722v1_r2_20260722T142836_full_PEMS04_l720_h24_s2026_PhaseFormer_PEMS_ftM_sl720_pl24_cycle288_seed2026/phaseformer_seed2026_config.json,
78,PhaseFormer,PEMS04,720,48,2026,phase_p12_l2_d8_h1_r8,completion_0716v2_pems_extension_period12,ok,0.13463448487522997,0.24890056260201637,1.975845123910499,0.3669257211960344,4224,424.34630608558655,4.244788646697998,0.28109805874997024,74.55029296875,146.056640625,3351,1,2,results/phaseformer_s2026_phaseformer_seed2026_0722v1_r2_20260722T142836_full_PEMS04_l720_h48_s2026_PhaseFormer_PEMS_ftM_sl720_pl48_cycle288_seed2026,checkpoints/phaseformer_seed2026/phaseformer_seed2026_0722v1_r2_20260722T142836_full/phaseformer_s2026_phaseformer_seed2026_0722v1_r2_20260722T142836_full_PEMS04_l720_h48_s2026_PhaseFormer_PEMS_ftM_sl720_pl48_cycle288_seed2026/checkpoint.pth,results/phaseformer_s2026_phaseformer_seed2026_0722v1_r2_20260722T142836_full_PEMS04_l720_h48_s2026_PhaseFormer_PEMS_ftM_sl720_pl48_cycle288_seed2026/metrics_summary.csv,results/phaseformer_s2026_phaseformer_seed2026_0722v1_r2_20260722T142836_full_PEMS04_l720_h48_s2026_PhaseFormer_PEMS_ftM_sl720_pl48_cycle288_seed2026/phaseformer_seed2026_config.json,
79,PhaseFormer,PEMS04,720,96,2026,phase_p12_l2_d8_h1_r8,completion_0716v2_pems_extension_period12,ok,0.1710741952302692,0.2814040935049995,2.2441282111077228,0.4136111642959716,4260,494.7218699455261,4.245839595794678,0.27241670899142495,76.80322265625,147.41015625,3303,1,2,results/phaseformer_s2026_phaseformer_seed2026_0722v1_r2_20260722T142836_full_PEMS04_l720_h96_s2026_PhaseFormer_PEMS_ftM_sl720_pl96_cycle288_seed2026,checkpoints/phaseformer_seed2026/phaseformer_seed2026_0722v1_r2_20260722T142836_full/phaseformer_s2026_phaseformer_seed2026_0722v1_r2_20260722T142836_full_PEMS04_l720_h96_s2026_PhaseFormer_PEMS_ftM_sl720_pl96_cycle288_seed2026/checkpoint.pth,results/phaseformer_s2026_phaseformer_seed2026_0722v1_r2_20260722T142836_full_PEMS04_l720_h96_s2026_PhaseFormer_PEMS_ftM_sl720_pl96_cycle288_seed2026/metrics_summary.csv,results/phaseformer_s2026_phaseformer_seed2026_0722v1_r2_20260722T142836_full_PEMS04_l720_h96_s2026_PhaseFormer_PEMS_ftM_sl720_pl96_cycle288_seed2026/phaseformer_seed2026_config.json,
80,PhaseFormer,PEMS07,720,12,2026,phase_p12_l2_d8_h1_r8,completion_0716v2_pems_extension_period12,ok,0.06137122389845094,0.1632027446051431,1.568331953727144,0.24773216161502112,4197,1824.867925643921,12.796185731887817,0.4624513087338443,91.283203125,182.22900390625,5633,1,2,results/phaseformer_s2026_phaseformer_seed2026_0722v1_r2_20260722T142836_full_PEMS07_l720_h12_s2026_PhaseFormer_PEMS_ftM_sl720_pl12_cycle288_seed2026,checkpoints/phaseformer_seed2026/phaseformer_seed2026_0722v1_r2_20260722T142836_full/phaseformer_s2026_phaseformer_seed2026_0722v1_r2_20260722T142836_full_PEMS07_l720_h12_s2026_PhaseFormer_PEMS_ftM_sl720_pl12_cycle288_seed2026/checkpoint.pth,results/phaseformer_s2026_phaseformer_seed2026_0722v1_r2_20260722T142836_full_PEMS07_l720_h12_s2026_PhaseFormer_PEMS_ftM_sl720_pl12_cycle288_seed2026/metrics_summary.csv,results/phaseformer_s2026_phaseformer_seed2026_0722v1_r2_20260722T142836_full_PEMS07_l720_h12_s2026_PhaseFormer_PEMS_ftM_sl720_pl12_cycle288_seed2026/phaseformer_seed2026_config.json,
81,PhaseFormer,PEMS07,720,24,2026,phase_p12_l2_d8_h1_r8,completion_0716v2_pems_extension_period12,ok,0.07799832035907042,0.18538934053431494,1.6986342573258566,0.2792817938195586,4206,1803.642591714859,12.115575790405273,0.4240037540606445,92.091796875,182.71435546875,5621,1,2,results/phaseformer_s2026_phaseformer_seed2026_0722v1_r2_20260722T142836_full_PEMS07_l720_h24_s2026_PhaseFormer_PEMS_ftM_sl720_pl24_cycle288_seed2026,checkpoints/phaseformer_seed2026/phaseformer_seed2026_0722v1_r2_20260722T142836_full/phaseformer_s2026_phaseformer_seed2026_0722v1_r2_20260722T142836_full_PEMS07_l720_h24_s2026_PhaseFormer_PEMS_ftM_sl720_pl24_cycle288_seed2026/checkpoint.pth,results/phaseformer_s2026_phaseformer_seed2026_0722v1_r2_20260722T142836_full_PEMS07_l720_h24_s2026_PhaseFormer_PEMS_ftM_sl720_pl24_cycle288_seed2026/metrics_summary.csv,results/phaseformer_s2026_phaseformer_seed2026_0722v1_r2_20260722T142836_full_PEMS07_l720_h24_s2026_PhaseFormer_PEMS_ftM_sl720_pl24_cycle288_seed2026/phaseformer_seed2026_config.json,
82,PhaseFormer,PEMS07,720,48,2026,phase_p12_l2_d8_h1_r8,completion_0716v2_pems_extension_period12,ok,0.10504357471723748,0.21676308700573502,2.0361673034309913,0.3241042651944548,4224,1889.2584762573242,12.720814228057861,0.4562275935950652,93.708984375,183.68505859375,5597,1,2,results/phaseformer_s2026_phaseformer_seed2026_0722v1_r2_20260722T142836_full_PEMS07_l720_h48_s2026_PhaseFormer_PEMS_ftM_sl720_pl48_cycle288_seed2026,checkpoints/phaseformer_seed2026/phaseformer_seed2026_0722v1_r2_20260722T142836_full/phaseformer_s2026_phaseformer_seed2026_0722v1_r2_20260722T142836_full_PEMS07_l720_h48_s2026_PhaseFormer_PEMS_ftM_sl720_pl48_cycle288_seed2026/checkpoint.pth,results/phaseformer_s2026_phaseformer_seed2026_0722v1_r2_20260722T142836_full_PEMS07_l720_h48_s2026_PhaseFormer_PEMS_ftM_sl720_pl48_cycle288_seed2026/metrics_summary.csv,results/phaseformer_s2026_phaseformer_seed2026_0722v1_r2_20260722T142836_full_PEMS07_l720_h48_s2026_PhaseFormer_PEMS_ftM_sl720_pl48_cycle288_seed2026/phaseformer_seed2026_config.json,
83,PhaseFormer,PEMS07,720,96,2026,phase_p12_l2_d8_h1_r8,completion_0716v2_pems_extension_period12,ok,0.1359444692535503,0.24706098513597466,2.263769983891379,0.36870648116564253,4260,1934.7261407375336,12.84001636505127,0.44015402520815766,96.943359375,185.62646484375,5549,1,2,results/phaseformer_s2026_phaseformer_seed2026_0722v1_r2_20260722T142836_full_PEMS07_l720_h96_s2026_PhaseFormer_PEMS_ftM_sl720_pl96_cycle288_seed2026,checkpoints/phaseformer_seed2026/phaseformer_seed2026_0722v1_r2_20260722T142836_full/phaseformer_s2026_phaseformer_seed2026_0722v1_r2_20260722T142836_full_PEMS07_l720_h96_s2026_PhaseFormer_PEMS_ftM_sl720_pl96_cycle288_seed2026/checkpoint.pth,results/phaseformer_s2026_phaseformer_seed2026_0722v1_r2_20260722T142836_full_PEMS07_l720_h96_s2026_PhaseFormer_PEMS_ftM_sl720_pl96_cycle288_seed2026/metrics_summary.csv,results/phaseformer_s2026_phaseformer_seed2026_0722v1_r2_20260722T142836_full_PEMS07_l720_h96_s2026_PhaseFormer_PEMS_ftM_sl720_pl96_cycle288_seed2026/phaseformer_seed2026_config.json,
84,PhaseFormer,PEMS08,720,12,2026,phase_p12_l2_d8_h1_r8,completion_0716v2_pems_extension_period12,ok,0.08854422530648585,0.18727038286214234,1.5419506429306713,0.29756381719974934,4197,434.4157693386078,3.2856900691986084,0.2320634309981369,54.6748046875,108.95751953125,3560,1,2,results/phaseformer_s2026_phaseformer_seed2026_0722v1_r2_20260722T142836_full_PEMS08_l720_h12_s2026_PhaseFormer_PEMS_ftM_sl720_pl12_cycle288_seed2026,checkpoints/phaseformer_seed2026/phaseformer_seed2026_0722v1_r2_20260722T142836_full/phaseformer_s2026_phaseformer_seed2026_0722v1_r2_20260722T142836_full_PEMS08_l720_h12_s2026_PhaseFormer_PEMS_ftM_sl720_pl12_cycle288_seed2026/checkpoint.pth,results/phaseformer_s2026_phaseformer_seed2026_0722v1_r2_20260722T142836_full_PEMS08_l720_h12_s2026_PhaseFormer_PEMS_ftM_sl720_pl12_cycle288_seed2026/metrics_summary.csv,results/phaseformer_s2026_phaseformer_seed2026_0722v1_r2_20260722T142836_full_PEMS08_l720_h12_s2026_PhaseFormer_PEMS_ftM_sl720_pl12_cycle288_seed2026/phaseformer_seed2026_config.json,
85,PhaseFormer,PEMS08,720,24,2026,phase_p12_l2_d8_h1_r8,completion_0716v2_pems_extension_period12,ok,0.12341773348681798,0.2125907881410852,1.683539197491693,0.3513086014984802,4206,428.1037759780884,3.87345552444458,0.2653061278338157,54.98583984375,109.14453125,3548,1,2,results/phaseformer_s2026_phaseformer_seed2026_0722v1_r2_20260722T142836_full_PEMS08_l720_h24_s2026_PhaseFormer_PEMS_ftM_sl720_pl24_cycle288_seed2026,checkpoints/phaseformer_seed2026/phaseformer_seed2026_0722v1_r2_20260722T142836_full/phaseformer_s2026_phaseformer_seed2026_0722v1_r2_20260722T142836_full_PEMS08_l720_h24_s2026_PhaseFormer_PEMS_ftM_sl720_pl24_cycle288_seed2026/checkpoint.pth,results/phaseformer_s2026_phaseformer_seed2026_0722v1_r2_20260722T142836_full_PEMS08_l720_h24_s2026_PhaseFormer_PEMS_ftM_sl720_pl24_cycle288_seed2026/metrics_summary.csv,results/phaseformer_s2026_phaseformer_seed2026_0722v1_r2_20260722T142836_full_PEMS08_l720_h24_s2026_PhaseFormer_PEMS_ftM_sl720_pl24_cycle288_seed2026/phaseformer_seed2026_config.json,
86,PhaseFormer,PEMS08,720,48,2026,phase_p12_l2_d8_h1_r8,completion_0716v2_pems_extension_period12,ok,0.19526975315147704,0.24798349840917364,1.9240408059315481,0.4418933730567557,4224,423.6339211463928,3.6423919200897217,0.2737201526102998,55.6103515625,109.52001953125,3524,1,2,results/phaseformer_s2026_phaseformer_seed2026_0722v1_r2_20260722T142836_full_PEMS08_l720_h48_s2026_PhaseFormer_PEMS_ftM_sl720_pl48_cycle288_seed2026,checkpoints/phaseformer_seed2026/phaseformer_seed2026_0722v1_r2_20260722T142836_full/phaseformer_s2026_phaseformer_seed2026_0722v1_r2_20260722T142836_full_PEMS08_l720_h48_s2026_PhaseFormer_PEMS_ftM_sl720_pl48_cycle288_seed2026/checkpoint.pth,results/phaseformer_s2026_phaseformer_seed2026_0722v1_r2_20260722T142836_full_PEMS08_l720_h48_s2026_PhaseFormer_PEMS_ftM_sl720_pl48_cycle288_seed2026/metrics_summary.csv,results/phaseformer_s2026_phaseformer_seed2026_0722v1_r2_20260722T142836_full_PEMS08_l720_h48_s2026_PhaseFormer_PEMS_ftM_sl720_pl48_cycle288_seed2026/phaseformer_seed2026_config.json,
87,PhaseFormer,PEMS08,720,96,2026,phase_p12_l2_d8_h1_r8,completion_0716v2_pems_extension_period12,ok,0.2978878199430005,0.2853392746408151,2.197813998567538,0.5457910039044254,4260,371.7403049468994,3.7193121910095215,0.2611612472103124,56.85986328125,110.271484375,3476,1,2,results/phaseformer_s2026_phaseformer_seed2026_0722v1_r2_20260722T142836_full_PEMS08_l720_h96_s2026_PhaseFormer_PEMS_ftM_sl720_pl96_cycle288_seed2026,checkpoints/phaseformer_seed2026/phaseformer_seed2026_0722v1_r2_20260722T142836_full/phaseformer_s2026_phaseformer_seed2026_0722v1_r2_20260722T142836_full_PEMS08_l720_h96_s2026_PhaseFormer_PEMS_ftM_sl720_pl96_cycle288_seed2026/checkpoint.pth,results/phaseformer_s2026_phaseformer_seed2026_0722v1_r2_20260722T142836_full_PEMS08_l720_h96_s2026_PhaseFormer_PEMS_ftM_sl720_pl96_cycle288_seed2026/metrics_summary.csv,results/phaseformer_s2026_phaseformer_seed2026_0722v1_r2_20260722T142836_full_PEMS08_l720_h96_s2026_PhaseFormer_PEMS_ftM_sl720_pl96_cycle288_seed2026/phaseformer_seed2026_config.json,
