run_tag,arm,dataset,seq_len,pred_len,seed,cut_freq,cycle,periods,status,exit_code,job_id,n_param,val_mse,mse,mae,t_train,t_inf,peak_cuda_mb,log_file,summary_file,val_mse_seg0,val_mse_seg1,val_mse_seg2,val_mse_seg3
phase10ep_0712v1,cross,electricity,96,96,2026,25,168,24+168,ok,0,28661114,9054,0.1796525,0.20326514542102814,0.28851771354675293,490.8175,4.0883,291.85,logs/AsySpecX_phase10/phase10ep_0712v1_cross_electricity_sl96_pl96_cf25_sd2026.log,phase10_results/electricity_pareto_0712v1/cross/electricity/sl96_pl96_cf25_sd2026/run_summary.json,0.1935944,0.1695694,0.1841839,0.1720524
phase10ep_0712v1,cross_cycle_full,electricity,96,96,2026,25,168,24+168,ok,0,28661116,62982,0.1259567,0.15102583169937134,0.24929726123809814,497.7431,4.2391,316.97,logs/AsySpecX_phase10/phase10ep_0712v1_cross_cycle_full_electricity_sl96_pl96_cf25_sd2026.log,phase10_results/electricity_pareto_0712v1/cross_cycle_full/electricity/sl96_pl96_cf25_sd2026/run_summary.json,0.1258797,0.1157968,0.1369877,0.1257011
phase10ep_0712v1,cross_cycle_full_direct_res,electricity,96,96,2026,25,168,24+168,ok,0,28661118,72390,0.1244744,0.14831040799617767,0.24279111623764038,521.6746,4.5599,330.61,logs/AsySpecX_phase10/phase10ep_0712v1_cross_cycle_full_direct_res_electricity_sl96_pl96_cf25_sd2026.log,phase10_results/electricity_pareto_0712v1/cross_cycle_full_direct_res/electricity/sl96_pl96_cf25_sd2026/run_summary.json,0.1235071,0.1153393,0.1361628,0.1234234
phase10ep_0712v1,cross_cycle_full_dlinear_res,electricity,96,96,2026,25,168,24+168,ok,0,28661120,81702,0.1245299,0.14837010204792023,0.24284116923809052,526.0658,4.5003,365.37,logs/AsySpecX_phase10/phase10ep_0712v1_cross_cycle_full_dlinear_res_electricity_sl96_pl96_cf25_sd2026.log,phase10_results/electricity_pareto_0712v1/cross_cycle_full_dlinear_res/electricity/sl96_pl96_cf25_sd2026/run_summary.json,0.123649,0.1153828,0.1362628,0.1233604
phase10ep_0712v1,cross,electricity,96,336,2026,25,168,24+168,ok,0,28661115,12278,0.1920492,0.2182890921831131,0.30668866634368896,794.1182,7.3279,572.58,logs/AsySpecX_phase10/phase10ep_0712v1_cross_electricity_sl96_pl336_cf25_sd2026.log,phase10_results/electricity_pareto_0712v1/cross/electricity/sl96_pl336_cf25_sd2026/run_summary.json,0.1973004,0.1795276,0.2025425,0.1901305
phase10ep_0712v1,cross_cycle_full,electricity,96,336,2026,25,168,24+168,ok,0,28661117,66206,0.1570086,0.1838723123073578,0.2807093858718872,776.5148,7.1419,627.08,logs/AsySpecX_phase10/phase10ep_0712v1_cross_cycle_full_electricity_sl96_pl336_cf25_sd2026.log,phase10_results/electricity_pareto_0712v1/cross_cycle_full/electricity/sl96_pl336_cf25_sd2026/run_summary.json,0.1531782,0.1464252,0.169651,0.1588748
phase10ep_0712v1,cross_cycle_full_direct_res,electricity,96,336,2026,25,168,24+168,ok,0,28661119,99134,0.1550044,0.18030966818332672,0.27283647656440735,789.1022,7.237,669.27,logs/AsySpecX_phase10/phase10ep_0712v1_cross_cycle_full_direct_res_electricity_sl96_pl336_cf25_sd2026.log,phase10_results/electricity_pareto_0712v1/cross_cycle_full_direct_res/electricity/sl96_pl336_cf25_sd2026/run_summary.json,0.1507357,0.146338,0.1663985,0.1565776
phase10_0712v1,period,electricity,720,96,2026,181,168,24+168,ok,0,28661049,219412,0.1156391,0.13718169927597046,0.23702199757099152,943.7003,7.2911,997.65,logs/AsySpecX_phase10/phase10_0712v1_period_electricity_sl720_pl96_cf181_sd2026.log,phase10_results/screen_0712v1/period/electricity/sl720_pl96_cf181_sd2026/run_summary.json,0.1134739,0.106641,0.1237936,0.1194877
phase10_0712v1,period_cycle_full,electricity,720,96,2026,181,168,24+168,ok,0,28661051,273340,0.1115253,0.13418588042259216,0.2324666529893875,943.1053,7.1488,1127.57,logs/AsySpecX_phase10/phase10_0712v1_period_cycle_full_electricity_sl720_pl96_cf181_sd2026.log,phase10_results/screen_0712v1/period_cycle_full/electricity/sl720_pl96_cf181_sd2026/run_summary.json,0.1092447,0.1026202,0.120016,0.1150503
phase10_0712v1,period,electricity,720,336,2026,181,168,24+168,ok,0,28661050,587092,0.1426651,0.16668222844600677,0.2639300525188446,1187.6155,10.006,1343.76,logs/AsySpecX_phase10/phase10_0712v1_period_electricity_sl720_pl336_cf181_sd2026.log,phase10_results/screen_0712v1/period/electricity/sl720_pl336_cf181_sd2026/run_summary.json,0.1430378,0.1332967,0.1538196,0.1414868
phase10_0712v1,period_cycle_full,electricity,720,336,2026,181,168,24+168,ok,0,28661052,641020,0.1388566,0.16435305774211884,0.26061001420021057,1194.0231,9.7497,1511.71,logs/AsySpecX_phase10/phase10_0712v1_period_cycle_full_electricity_sl720_pl336_cf181_sd2026.log,phase10_results/screen_0712v1/period_cycle_full/electricity/sl720_pl336_cf181_sd2026/run_summary.json,0.1384389,0.1289935,0.1505419,0.1384183
phase10_0712v1,ind,weather,96,96,2026,5,144,144,ok,0,28661027,2562,0.4229359,0.17121659219264984,0.21894040703773499,334.4949,2.5613,77.28,logs/AsySpecX_phase10/phase10_0712v1_ind_weather_sl96_pl96_cf5_sd2026.log,phase10_results/screen_0712v1/ind/weather/sl96_pl96_cf5_sd2026/run_summary.json,0.2089263,0.8221064,0.2748556,0.3921067
phase10_0712v1,ind,weather,96,96,2026,13,144,144,ok,0,28661029,15330,0.4141501,0.16701705753803253,0.21398238837718964,372.3575,2.4792,77.56,logs/AsySpecX_phase10/phase10_0712v1_ind_weather_sl96_pl96_cf13_sd2026.log,phase10_results/screen_0712v1/ind/weather/sl96_pl96_cf13_sd2026/run_summary.json,0.2012015,0.8110819,0.2692473,0.3867358
phase10_0712v1,ind,weather,96,96,2026,25,144,144,ok,0,28661031,54642,0.4101717,0.16568073630332947,0.21233049035072327,375.0868,2.3902,78.24,logs/AsySpecX_phase10/phase10_0712v1_ind_weather_sl96_pl96_cf25_sd2026.log,phase10_results/screen_0712v1/ind/weather/sl96_pl96_cf25_sd2026/run_summary.json,0.1980528,0.8065134,0.2675638,0.3847326
phase10w_0712v1,ind_cycle_full,weather,96,96,2024,13,144,144,ok,0,28661095,18354,0.3968916,0.1584823727607727,0.2043052315711975,376.4342,2.5406,79.66,logs/AsySpecX_phase10/phase10w_0712v1_ind_cycle_full_weather_sl96_pl96_cf13_sd2024.log,phase10_results/confirm_weather_0712v1/ind_cycle_full/weather/sl96_pl96_cf13_sd2024/run_summary.json,0.166308,0.7946405,0.2520616,0.3806239
phase10w_0712v1,ind_cycle_full,weather,96,96,2025,13,144,144,ok,0,28661099,18354,0.3975994,0.15917108952999115,0.20540344715118408,254.4687,2.5441,79.66,logs/AsySpecX_phase10/phase10w_0712v1_ind_cycle_full_weather_sl96_pl96_cf13_sd2025.log,phase10_results/confirm_weather_0712v1/ind_cycle_full/weather/sl96_pl96_cf13_sd2025/run_summary.json,0.1680537,0.7958,0.252749,0.3813859
phase10_0712v1,ind_cycle_full,weather,96,96,2026,13,144,144,ok,0,28661033,18354,0.3964137,0.15883302688598633,0.20491468906402588,281.7686,2.5968,79.66,logs/AsySpecX_phase10/phase10_0712v1_ind_cycle_full_weather_sl96_pl96_cf13_sd2026.log,phase10_results/screen_0712v1/ind_cycle_full/weather/sl96_pl96_cf13_sd2026/run_summary.json,0.1677598,0.79493,0.2524392,0.3819118
phase10wc_0712v1,ind_cycle_full_direct_res,weather,96,96,2026,13,144,144,ok,0,28661182,27762,0.3922333,0.15734562277793884,0.2023373246192932,295.6859,2.6698,81.25,logs/AsySpecX_phase10/phase10wc_0712v1_ind_cycle_full_direct_res_weather_sl96_pl96_cf13_sd2026.log,phase10_results/weather_combo_0712v1/ind_cycle_full_direct_res/weather/sl96_pl96_cf13_sd2026/run_summary.json,0.1642527,0.7911685,0.2494607,0.3753926
phase10_0712v1,ind_direct_res,weather,96,96,2026,13,144,144,ok,0,28661035,24738,0.4081526,0.16561259329319,0.2106107622385025,285.8552,2.7376,79.64,logs/AsySpecX_phase10/phase10_0712v1_ind_direct_res_weather_sl96_pl96_cf13_sd2026.log,phase10_results/screen_0712v1/ind_direct_res/weather/sl96_pl96_cf13_sd2026/run_summary.json,0.1919459,0.8073894,0.2650451,0.3797579
phase10_0712v1,ind_dlinear_res,weather,96,96,2026,13,144,144,ok,0,28661037,34050,0.4079539,0.16552481055259705,0.2104717642068863,293.923,2.4554,81.96,logs/AsySpecX_phase10/phase10_0712v1_ind_dlinear_res_weather_sl96_pl96_cf13_sd2026.log,phase10_results/screen_0712v1/ind_dlinear_res/weather/sl96_pl96_cf13_sd2026/run_summary.json,0.1919944,0.8068463,0.2648483,0.3796578
phase10w_0712v1,ind_cycle_full,weather,96,192,2024,13,144,144,ok,0,28661096,25998,0.4700055,0.20770111680030823,0.2473713457584381,410.4432,2.7594,88.37,logs/AsySpecX_phase10/phase10w_0712v1_ind_cycle_full_weather_sl96_pl192_cf13_sd2024.log,phase10_results/confirm_weather_0712v1/ind_cycle_full/weather/sl96_pl192_cf13_sd2024/run_summary.json,0.2282209,0.8520916,0.3008021,0.5044166
phase10w_0712v1,ind_cycle_full,weather,96,192,2025,13,144,144,ok,0,28661100,25998,0.4702777,0.20775476098060608,0.24740652740001678,337.8024,2.7761,88.37,logs/AsySpecX_phase10/phase10w_0712v1_ind_cycle_full_weather_sl96_pl192_cf13_sd2025.log,phase10_results/confirm_weather_0712v1/ind_cycle_full/weather/sl96_pl192_cf13_sd2025/run_summary.json,0.2283459,0.852082,0.3007054,0.5042604
phase10w_0712v1,ind_cycle_full,weather,96,192,2026,13,144,144,ok,0,28661103,25998,0.4710798,0.2078743278980255,0.24756476283073425,373.9101,2.6134,88.37,logs/AsySpecX_phase10/phase10w_0712v1_ind_cycle_full_weather_sl96_pl192_cf13_sd2026.log,phase10_results/confirm_weather_0712v1/ind_cycle_full/weather/sl96_pl192_cf13_sd2026/run_summary.json,0.2284793,0.852135,0.3009992,0.504364
phase10_0712v1,ind,weather,96,336,2026,5,144,144,ok,0,28661028,5586,0.5775665,0.2715894281864166,0.29532232880592346,407.6863,2.865,99.79,logs/AsySpecX_phase10/phase10_0712v1_ind_weather_sl96_pl336_cf5_sd2026.log,phase10_results/screen_0712v1/ind/weather/sl96_pl336_cf5_sd2026/run_summary.json,0.3688513,0.968563,0.3468102,0.6272726
phase10_0712v1,ind,weather,96,336,2026,13,144,144,ok,0,28661030,34146,0.5728652,0.2695579528808594,0.2935292720794678,391.5174,2.8101,99.26,logs/AsySpecX_phase10/phase10_0712v1_ind_weather_sl96_pl336_cf13_sd2026.log,phase10_results/screen_0712v1/ind/weather/sl96_pl336_cf13_sd2026/run_summary.json,0.3627112,0.9640065,0.3441626,0.6244593
phase10_0712v1,ind,weather,96,336,2026,25,144,144,ok,0,28661032,122346,0.5712916,0.2688977122306824,0.2927792966365814,353.3499,2.7594,102.09,logs/AsySpecX_phase10/phase10_0712v1_ind_weather_sl96_pl336_cf25_sd2026.log,phase10_results/screen_0712v1/ind/weather/sl96_pl336_cf25_sd2026/run_summary.json,0.3599533,0.9617821,0.3431579,0.6234614
phase10w_0712v1,ind_cycle_full,weather,96,336,2024,13,144,144,ok,0,28661097,37170,0.5573688,0.26424911618232727,0.2880760729312897,411.6748,2.7215,104.59,logs/AsySpecX_phase10/phase10w_0712v1_ind_cycle_full_weather_sl96_pl336_cf13_sd2024.log,phase10_results/confirm_weather_0712v1/ind_cycle_full/weather/sl96_pl336_cf13_sd2024/run_summary.json,0.3289084,0.9519441,0.3299132,0.619912
phase10w_0712v1,ind_cycle_full,weather,96,336,2025,13,144,144,ok,0,28661101,37170,0.5569212,0.2645646631717682,0.288289874792099,319.2085,2.8767,104.59,logs/AsySpecX_phase10/phase10w_0712v1_ind_cycle_full_weather_sl96_pl336_cf13_sd2025.log,phase10_results/confirm_weather_0712v1/ind_cycle_full/weather/sl96_pl336_cf13_sd2025/run_summary.json,0.3293227,0.9519307,0.3301747,0.6199695
phase10_0712v1,ind_cycle_full,weather,96,336,2026,13,144,144,ok,0,28661034,37170,0.5565365,0.26434749364852905,0.28800755739212036,400.3397,2.9427,104.59,logs/AsySpecX_phase10/phase10_0712v1_ind_cycle_full_weather_sl96_pl336_cf13_sd2026.log,phase10_results/screen_0712v1/ind_cycle_full/weather/sl96_pl336_cf13_sd2026/run_summary.json,0.3283999,0.9519621,0.3300006,0.6197231
phase10_0712v1,ind_direct_res,weather,96,336,2026,13,144,144,ok,0,28661036,67074,0.5680505,0.26797181367874146,0.2909613251686096,410.8472,3.0175,103.95,logs/AsySpecX_phase10/phase10_0712v1_ind_direct_res_weather_sl96_pl336_cf13_sd2026.log,phase10_results/screen_0712v1/ind_direct_res/weather/sl96_pl336_cf13_sd2026/run_summary.json,0.3503375,0.9627321,0.3402738,0.6227618
phase10_0712v1,ind_dlinear_res,weather,96,336,2026,13,144,144,ok,0,28661038,99666,0.5679935,0.2679513692855835,0.2909300625324249,416.405,2.8624,106.54,logs/AsySpecX_phase10/phase10_0712v1_ind_dlinear_res_weather_sl96_pl336_cf13_sd2026.log,phase10_results/screen_0712v1/ind_dlinear_res/weather/sl96_pl336_cf13_sd2026/run_summary.json,0.3503147,0.9625958,0.3402464,0.6227198
phase10w_0712v1,ind_cycle_full,weather,96,720,2024,13,144,144,ok,0,28661098,67746,0.6855494,0.34348079562187195,0.3391028940677643,485.5532,3.6982,138.01,logs/AsySpecX_phase10/phase10w_0712v1_ind_cycle_full_weather_sl96_pl720_cf13_sd2024.log,phase10_results/confirm_weather_0712v1/ind_cycle_full/weather/sl96_pl720_cf13_sd2024/run_summary.json,0.6189669,1.0581623,0.4170508,0.6509601
phase10w_0712v1,ind_cycle_full,weather,96,720,2025,13,144,144,ok,0,28661102,67746,0.6859864,0.34384965896606445,0.3393293023109436,348.8968,3.7656,138.01,logs/AsySpecX_phase10/phase10w_0712v1_ind_cycle_full_weather_sl96_pl720_cf13_sd2025.log,phase10_results/confirm_weather_0712v1/ind_cycle_full/weather/sl96_pl720_cf13_sd2025/run_summary.json,0.6192658,1.0576943,0.4172249,0.6515741
phase10w_0712v1,ind_cycle_full,weather,96,720,2026,13,144,144,ok,0,28661104,67746,0.6857257,0.3436083495616913,0.33914926648139954,483.0053,3.6591,138.01,logs/AsySpecX_phase10/phase10w_0712v1_ind_cycle_full_weather_sl96_pl720_cf13_sd2026.log,phase10_results/confirm_weather_0712v1/ind_cycle_full/weather/sl96_pl720_cf13_sd2026/run_summary.json,0.6186495,1.0580398,0.4170077,0.6511096
