arm,dataset,seq_len,pred_len,seed,status,val_mse,mse,mae,cut_freq,periods,exit_code,job_id,log_file
phase4_asx_cross,electricity,720,192,2024,ok,0.1315325,0.1563943773508072,0.25654134154319763,181,24+168,0,28338701,logs/AsySpecX_phase4/phase4_asx_cross_electricity_sl720_pl192_sd2024.log
phase4_asx_cross,electricity,720,192,2025,ok,0.1314706,0.1563735157251358,0.25640037655830383,181,24+168,0,28338705,logs/AsySpecX_phase4/phase4_asx_cross_electricity_sl720_pl192_sd2025.log
phase4_asx_cross,electricity,720,192,2026,ok,0.1316507,0.15638452768325806,0.2565271556377411,181,24+168,0,28338709,logs/AsySpecX_phase4/phase4_asx_cross_electricity_sl720_pl192_sd2026.log
phase4_asx_cross,electricity,720,336,2024,ok,0.1464436,0.171461284160614,0.2715785503387451,181,24+168,0,28338702,logs/AsySpecX_phase4/phase4_asx_cross_electricity_sl720_pl336_sd2024.log
phase4_asx_cross,electricity,720,336,2025,ok,0.1467331,0.17175833880901337,0.2716050148010254,181,24+168,0,28338706,logs/AsySpecX_phase4/phase4_asx_cross_electricity_sl720_pl336_sd2025.log
phase4_asx_cross,electricity,720,336,2026,ok,0.1466254,0.17153295874595642,0.27175217866897583,181,24+168,0,28338710,logs/AsySpecX_phase4/phase4_asx_cross_electricity_sl720_pl336_sd2026.log
phase4_asx_cross,electricity,720,720,2024,ok,0.1787394,0.21007251739501953,0.30417343974113464,181,24+168,0,28338703,logs/AsySpecX_phase4/phase4_asx_cross_electricity_sl720_pl720_sd2024.log
phase4_asx_cross,electricity,720,720,2025,ok,0.178537,0.2087242752313614,0.3030601441860199,181,24+168,0,28338707,logs/AsySpecX_phase4/phase4_asx_cross_electricity_sl720_pl720_sd2025.log
phase4_asx_cross,electricity,720,720,2026,ok,0.1792761,0.21035346388816833,0.3051636517047882,181,24+168,0,28338711,logs/AsySpecX_phase4/phase4_asx_cross_electricity_sl720_pl720_sd2026.log
phase4_asx_cross,electricity,720,96,2024,ok,0.1193656,0.14170262217521667,0.2436901032924652,181,24+168,0,28338700,logs/AsySpecX_phase4/phase4_asx_cross_electricity_sl720_pl96_sd2024.log
phase4_asx_cross,electricity,720,96,2025,ok,0.1192614,0.1416301280260086,0.24340489506721497,181,24+168,0,28338704,logs/AsySpecX_phase4/phase4_asx_cross_electricity_sl720_pl96_sd2025.log
phase4_asx_cross,electricity,720,96,2026,ok,0.1190293,0.14110340178012848,0.24295690655708313,181,24+168,0,28338708,logs/AsySpecX_phase4/phase4_asx_cross_electricity_sl720_pl96_sd2026.log
phase4_asx_cross,weather,720,192,2024,ok,0.4331134,0.19675582647323608,0.2503316104412079,31,144,0,28338689,logs/AsySpecX_phase4/phase4_asx_cross_weather_sl720_pl192_sd2024.log
phase4_asx_cross,weather,720,192,2025,ok,0.4380059,0.1976100206375122,0.251370370388031,31,144,0,28338693,logs/AsySpecX_phase4/phase4_asx_cross_weather_sl720_pl192_sd2025.log
phase4_asx_cross,weather,720,192,2026,ok,0.4425148,0.19853681325912476,0.25117331743240356,31,144,0,28338697,logs/AsySpecX_phase4/phase4_asx_cross_weather_sl720_pl192_sd2026.log
phase4_asx_cross,weather,720,336,2024,ok,0.497157,0.24762137234210968,0.28849101066589355,31,144,0,28338690,logs/AsySpecX_phase4/phase4_asx_cross_weather_sl720_pl336_sd2024.log
phase4_asx_cross,weather,720,336,2025,ok,0.4993576,0.250132292509079,0.2906610369682312,31,144,0,28338694,logs/AsySpecX_phase4/phase4_asx_cross_weather_sl720_pl336_sd2025.log
phase4_asx_cross,weather,720,336,2026,ok,0.500709,0.2509799599647522,0.2910982668399811,31,144,0,28338698,logs/AsySpecX_phase4/phase4_asx_cross_weather_sl720_pl336_sd2026.log
phase4_asx_cross,weather,720,720,2024,ok,0.5893421,0.31322842836380005,0.3357509672641754,31,144,0,28338691,logs/AsySpecX_phase4/phase4_asx_cross_weather_sl720_pl720_sd2024.log
phase4_asx_cross,weather,720,720,2025,ok,0.5953971,0.3103954792022705,0.33448919653892517,31,144,0,28338695,logs/AsySpecX_phase4/phase4_asx_cross_weather_sl720_pl720_sd2025.log
phase4_asx_cross,weather,720,720,2026,ok,0.5895908,0.31533676385879517,0.3376379907131195,31,144,0,28338699,logs/AsySpecX_phase4/phase4_asx_cross_weather_sl720_pl720_sd2026.log
phase4_asx_cross,weather,720,96,2024,ok,0.3895137,0.15078367292881012,0.20818546414375305,31,144,0,28338688,logs/AsySpecX_phase4/phase4_asx_cross_weather_sl720_pl96_sd2024.log
phase4_asx_cross,weather,720,96,2025,ok,0.3888459,0.15275585651397705,0.2091093510389328,31,144,0,28338692,logs/AsySpecX_phase4/phase4_asx_cross_weather_sl720_pl96_sd2025.log
phase4_asx_cross,weather,720,96,2026,ok,0.3852068,0.15269769728183746,0.2114441990852356,31,144,0,28338696,logs/AsySpecX_phase4/phase4_asx_cross_weather_sl720_pl96_sd2026.log
phase4_asx_cross_revin,electricity,720,192,2024,ok,0.1315093,0.15652301907539368,0.25652122497558594,181,24+168,0,28338846,logs/AsySpecX_phase4/phase4_asx_cross_revin_electricity_sl720_pl192_sd2024.log
phase4_asx_cross_revin,electricity,720,192,2025,ok,0.1314016,0.1564904749393463,0.25629502534866333,181,24+168,0,28338850,logs/AsySpecX_phase4/phase4_asx_cross_revin_electricity_sl720_pl192_sd2025.log
phase4_asx_cross_revin,electricity,720,192,2026,ok,0.1316289,0.15653851628303528,0.25652971863746643,181,24+168,0,28338854,logs/AsySpecX_phase4/phase4_asx_cross_revin_electricity_sl720_pl192_sd2026.log
phase4_asx_cross_revin,electricity,720,336,2024,ok,0.1461568,0.17170162498950958,0.27164319157600403,181,24+168,0,28338847,logs/AsySpecX_phase4/phase4_asx_cross_revin_electricity_sl720_pl336_sd2024.log
phase4_asx_cross_revin,electricity,720,336,2025,ok,0.1465108,0.1721438467502594,0.27160272002220154,181,24+168,0,28338851,logs/AsySpecX_phase4/phase4_asx_cross_revin_electricity_sl720_pl336_sd2025.log
phase4_asx_cross_revin,electricity,720,336,2026,ok,0.1464021,0.17193439602851868,0.27164825797080994,181,24+168,0,28338855,logs/AsySpecX_phase4/phase4_asx_cross_revin_electricity_sl720_pl336_sd2026.log
phase4_asx_cross_revin,electricity,720,720,2024,ok,0.1774162,0.21062441170215607,0.30369773507118225,181,24+168,0,28338848,logs/AsySpecX_phase4/phase4_asx_cross_revin_electricity_sl720_pl720_sd2024.log
phase4_asx_cross_revin,electricity,720,720,2025,ok,0.1767524,0.20876599848270416,0.30241769552230835,181,24+168,0,28338852,logs/AsySpecX_phase4/phase4_asx_cross_revin_electricity_sl720_pl720_sd2025.log
phase4_asx_cross_revin,electricity,720,720,2026,ok,0.1778572,0.21088972687721252,0.3047865033149719,181,24+168,0,28338856,logs/AsySpecX_phase4/phase4_asx_cross_revin_electricity_sl720_pl720_sd2026.log
phase4_asx_cross_revin,electricity,720,96,2024,ok,0.1193923,0.14175283908843994,0.24371543526649475,181,24+168,0,28338845,logs/AsySpecX_phase4/phase4_asx_cross_revin_electricity_sl720_pl96_sd2024.log
phase4_asx_cross_revin,electricity,720,96,2025,ok,0.1190985,0.14152368903160095,0.2431797981262207,181,24+168,0,28338849,logs/AsySpecX_phase4/phase4_asx_cross_revin_electricity_sl720_pl96_sd2025.log
phase4_asx_cross_revin,electricity,720,96,2026,ok,0.1190193,0.14104515314102173,0.242851123213768,181,24+168,0,28338853,logs/AsySpecX_phase4/phase4_asx_cross_revin_electricity_sl720_pl96_sd2026.log
phase4_asx_cross_revin,weather,720,192,2024,ok,0.4336114,0.1961822658777237,0.24785423278808594,31,144,0,28338834,logs/AsySpecX_phase4/phase4_asx_cross_revin_weather_sl720_pl192_sd2024.log
phase4_asx_cross_revin,weather,720,192,2025,ok,0.4373661,0.19715024530887604,0.24859632551670074,31,144,0,28338838,logs/AsySpecX_phase4/phase4_asx_cross_revin_weather_sl720_pl192_sd2025.log
phase4_asx_cross_revin,weather,720,192,2026,ok,0.4435121,0.19766069948673248,0.24840179085731506,31,144,0,28338842,logs/AsySpecX_phase4/phase4_asx_cross_revin_weather_sl720_pl192_sd2026.log
phase4_asx_cross_revin,weather,720,336,2024,ok,0.497236,0.24674822390079498,0.28501999378204346,31,144,0,28338835,logs/AsySpecX_phase4/phase4_asx_cross_revin_weather_sl720_pl336_sd2024.log
phase4_asx_cross_revin,weather,720,336,2025,ok,0.5014251,0.24830593168735504,0.2863943576812744,31,144,0,28338839,logs/AsySpecX_phase4/phase4_asx_cross_revin_weather_sl720_pl336_sd2025.log
phase4_asx_cross_revin,weather,720,336,2026,ok,0.5020058,0.24983978271484375,0.2878665030002594,31,144,0,28338843,logs/AsySpecX_phase4/phase4_asx_cross_revin_weather_sl720_pl336_sd2026.log
phase4_asx_cross_revin,weather,720,720,2024,ok,0.5935278,0.313768208026886,0.3331783711910248,31,144,0,28338836,logs/AsySpecX_phase4/phase4_asx_cross_revin_weather_sl720_pl720_sd2024.log
phase4_asx_cross_revin,weather,720,720,2025,ok,0.5991672,0.3117057979106903,0.3319537043571472,31,144,0,28338840,logs/AsySpecX_phase4/phase4_asx_cross_revin_weather_sl720_pl720_sd2025.log
phase4_asx_cross_revin,weather,720,720,2026,ok,0.5930449,0.31627026200294495,0.3353702127933502,31,144,0,28338844,logs/AsySpecX_phase4/phase4_asx_cross_revin_weather_sl720_pl720_sd2026.log
phase4_asx_cross_revin,weather,720,96,2024,ok,0.3863171,0.14986731112003326,0.20567761361598969,31,144,0,28338833,logs/AsySpecX_phase4/phase4_asx_cross_revin_weather_sl720_pl96_sd2024.log
phase4_asx_cross_revin,weather,720,96,2025,ok,0.3858899,0.15178877115249634,0.20670238137245178,31,144,0,28338837,logs/AsySpecX_phase4/phase4_asx_cross_revin_weather_sl720_pl96_sd2025.log
phase4_asx_cross_revin,weather,720,96,2026,ok,0.3837519,0.15281786024570465,0.21050402522087097,31,144,0,28338841,logs/AsySpecX_phase4/phase4_asx_cross_revin_weather_sl720_pl96_sd2026.log
phase4_asx_individual,electricity,720,192,2024,ok,0.1325952,0.1590166836977005,0.2580910325050354,181,24+168,0,28338725,logs/AsySpecX_phase4/phase4_asx_individual_electricity_sl720_pl192_sd2024.log
phase4_asx_individual,electricity,720,192,2025,ok,0.1325685,0.15901660919189453,0.2580964267253876,181,24+168,0,28338729,logs/AsySpecX_phase4/phase4_asx_individual_electricity_sl720_pl192_sd2025.log
phase4_asx_individual,electricity,720,192,2026,ok,0.1325634,0.15905608236789703,0.25816333293914795,181,24+168,0,28338733,logs/AsySpecX_phase4/phase4_asx_individual_electricity_sl720_pl192_sd2026.log
phase4_asx_individual,electricity,720,336,2024,ok,0.1476081,0.17381304502487183,0.27304598689079285,181,24+168,0,28338726,logs/AsySpecX_phase4/phase4_asx_individual_electricity_sl720_pl336_sd2024.log
phase4_asx_individual,electricity,720,336,2025,ok,0.1475551,0.17382514476776123,0.27306756377220154,181,24+168,0,28338730,logs/AsySpecX_phase4/phase4_asx_individual_electricity_sl720_pl336_sd2025.log
phase4_asx_individual,electricity,720,336,2026,ok,0.1475564,0.17381355166435242,0.2730664908885956,181,24+168,0,28338734,logs/AsySpecX_phase4/phase4_asx_individual_electricity_sl720_pl336_sd2026.log
phase4_asx_individual,electricity,720,720,2024,ok,0.1796749,0.2091122716665268,0.30289971828460693,181,24+168,0,28338727,logs/AsySpecX_phase4/phase4_asx_individual_electricity_sl720_pl720_sd2024.log
phase4_asx_individual,electricity,720,720,2025,ok,0.1797346,0.2091490477323532,0.3028934597969055,181,24+168,0,28338731,logs/AsySpecX_phase4/phase4_asx_individual_electricity_sl720_pl720_sd2025.log
phase4_asx_individual,electricity,720,720,2026,ok,0.1797112,0.20917023718357086,0.3028862774372101,181,24+168,0,28338735,logs/AsySpecX_phase4/phase4_asx_individual_electricity_sl720_pl720_sd2026.log
phase4_asx_individual,electricity,720,96,2024,ok,0.1197836,0.14262861013412476,0.24442964792251587,181,24+168,0,28338724,logs/AsySpecX_phase4/phase4_asx_individual_electricity_sl720_pl96_sd2024.log
phase4_asx_individual,electricity,720,96,2025,ok,0.1197935,0.1426207721233368,0.2444276511669159,181,24+168,0,28338728,logs/AsySpecX_phase4/phase4_asx_individual_electricity_sl720_pl96_sd2025.log
phase4_asx_individual,electricity,720,96,2026,ok,0.1197339,0.1426554024219513,0.24444906413555145,181,24+168,0,28338732,logs/AsySpecX_phase4/phase4_asx_individual_electricity_sl720_pl96_sd2026.log
phase4_asx_individual,weather,720,192,2024,ok,0.4386023,0.19084033370018005,0.2430732250213623,31,144,0,28338713,logs/AsySpecX_phase4/phase4_asx_individual_weather_sl720_pl192_sd2024.log
phase4_asx_individual,weather,720,192,2025,ok,0.4386339,0.19059331715106964,0.2427767664194107,31,144,0,28338717,logs/AsySpecX_phase4/phase4_asx_individual_weather_sl720_pl192_sd2025.log
phase4_asx_individual,weather,720,192,2026,ok,0.4387932,0.1906595230102539,0.24281363189220428,31,144,0,28338721,logs/AsySpecX_phase4/phase4_asx_individual_weather_sl720_pl192_sd2026.log
phase4_asx_individual,weather,720,336,2024,ok,0.5029659,0.24049758911132812,0.28208592534065247,31,144,0,28338714,logs/AsySpecX_phase4/phase4_asx_individual_weather_sl720_pl336_sd2024.log
phase4_asx_individual,weather,720,336,2025,ok,0.5033673,0.24062591791152954,0.28217869997024536,31,144,0,28338718,logs/AsySpecX_phase4/phase4_asx_individual_weather_sl720_pl336_sd2025.log
phase4_asx_individual,weather,720,336,2026,ok,0.5035602,0.24058492481708527,0.2821459174156189,31,144,0,28338722,logs/AsySpecX_phase4/phase4_asx_individual_weather_sl720_pl336_sd2026.log
phase4_asx_individual,weather,720,720,2024,ok,0.5957592,0.3096759617328644,0.3318905234336853,31,144,0,28338715,logs/AsySpecX_phase4/phase4_asx_individual_weather_sl720_pl720_sd2024.log
phase4_asx_individual,weather,720,720,2025,ok,0.5958335,0.30972111225128174,0.33194679021835327,31,144,0,28338719,logs/AsySpecX_phase4/phase4_asx_individual_weather_sl720_pl720_sd2025.log
phase4_asx_individual,weather,720,720,2026,ok,0.5957321,0.3096681237220764,0.3318565785884857,31,144,0,28338723,logs/AsySpecX_phase4/phase4_asx_individual_weather_sl720_pl720_sd2026.log
phase4_asx_individual,weather,720,96,2024,ok,0.38208,0.14801184833049774,0.2021496593952179,31,144,0,28338712,logs/AsySpecX_phase4/phase4_asx_individual_weather_sl720_pl96_sd2024.log
phase4_asx_individual,weather,720,96,2025,ok,0.3823467,0.14835986495018005,0.202670618891716,31,144,0,28338716,logs/AsySpecX_phase4/phase4_asx_individual_weather_sl720_pl96_sd2025.log
phase4_asx_individual,weather,720,96,2026,ok,0.3819792,0.14803440868854523,0.2022281140089035,31,144,0,28338720,logs/AsySpecX_phase4/phase4_asx_individual_weather_sl720_pl96_sd2026.log
phase4_asx_individual_period,electricity,720,192,2024,ok,0.1312407,0.15753169357776642,0.25590279698371887,181,24+168,0,28338798,logs/AsySpecX_phase4/phase4_asx_individual_period_electricity_sl720_pl192_sd2024.log
phase4_asx_individual_period,electricity,720,192,2025,ok,0.1312009,0.15751923620700836,0.2558891773223877,181,24+168,0,28338802,logs/AsySpecX_phase4/phase4_asx_individual_period_electricity_sl720_pl192_sd2025.log
phase4_asx_individual_period,electricity,720,192,2026,ok,0.131233,0.1575303077697754,0.25591373443603516,181,24+168,0,28338806,logs/AsySpecX_phase4/phase4_asx_individual_period_electricity_sl720_pl192_sd2026.log
phase4_asx_individual_period,electricity,720,336,2024,ok,0.1459391,0.17195919156074524,0.27042752504348755,181,24+168,0,28338799,logs/AsySpecX_phase4/phase4_asx_individual_period_electricity_sl720_pl336_sd2024.log
phase4_asx_individual_period,electricity,720,336,2025,ok,0.1458849,0.17196816205978394,0.2704448699951172,181,24+168,0,28338803,logs/AsySpecX_phase4/phase4_asx_individual_period_electricity_sl720_pl336_sd2025.log
phase4_asx_individual_period,electricity,720,336,2026,ok,0.1458898,0.1719585359096527,0.27044618129730225,181,24+168,0,28338807,logs/AsySpecX_phase4/phase4_asx_individual_period_electricity_sl720_pl336_sd2026.log
phase4_asx_individual_period,electricity,720,720,2024,ok,0.1771063,0.20617207884788513,0.29890045523643494,181,24+168,0,28338800,logs/AsySpecX_phase4/phase4_asx_individual_period_electricity_sl720_pl720_sd2024.log
phase4_asx_individual_period,electricity,720,720,2025,ok,0.1771635,0.20621216297149658,0.2989007830619812,181,24+168,0,28338804,logs/AsySpecX_phase4/phase4_asx_individual_period_electricity_sl720_pl720_sd2025.log
phase4_asx_individual_period,electricity,720,720,2026,ok,0.1771416,0.20623630285263062,0.29889845848083496,181,24+168,0,28338808,logs/AsySpecX_phase4/phase4_asx_individual_period_electricity_sl720_pl720_sd2026.log
phase4_asx_individual_period,electricity,720,96,2024,ok,0.1186958,0.14145955443382263,0.24263016879558563,181,24+168,0,28338797,logs/AsySpecX_phase4/phase4_asx_individual_period_electricity_sl720_pl96_sd2024.log
phase4_asx_individual_period,electricity,720,96,2025,ok,0.1186998,0.14144466817378998,0.24261541664600372,181,24+168,0,28338801,logs/AsySpecX_phase4/phase4_asx_individual_period_electricity_sl720_pl96_sd2025.log
phase4_asx_individual_period,electricity,720,96,2026,ok,0.1186458,0.1414840966463089,0.24264517426490784,181,24+168,0,28338805,logs/AsySpecX_phase4/phase4_asx_individual_period_electricity_sl720_pl96_sd2026.log
phase4_asx_individual_period,weather,720,192,2024,ok,0.4384947,0.19082607328891754,0.2429926097393036,31,144,0,28338786,logs/AsySpecX_phase4/phase4_asx_individual_period_weather_sl720_pl192_sd2024.log
phase4_asx_individual_period,weather,720,192,2025,ok,0.4385381,0.19058558344841003,0.24271003901958466,31,144,0,28338790,logs/AsySpecX_phase4/phase4_asx_individual_period_weather_sl720_pl192_sd2025.log
phase4_asx_individual_period,weather,720,192,2026,ok,0.4386735,0.19064827263355255,0.24274002015590668,31,144,0,28338794,logs/AsySpecX_phase4/phase4_asx_individual_period_weather_sl720_pl192_sd2026.log
phase4_asx_individual_period,weather,720,336,2024,ok,0.5029353,0.24051214754581451,0.2820415198802948,31,144,0,28338787,logs/AsySpecX_phase4/phase4_asx_individual_period_weather_sl720_pl336_sd2024.log
phase4_asx_individual_period,weather,720,336,2025,ok,0.5033329,0.24063783884048462,0.28213369846343994,31,144,0,28338791,logs/AsySpecX_phase4/phase4_asx_individual_period_weather_sl720_pl336_sd2025.log
phase4_asx_individual_period,weather,720,336,2026,ok,0.5035208,0.24059537053108215,0.28210505843162537,31,144,0,28338795,logs/AsySpecX_phase4/phase4_asx_individual_period_weather_sl720_pl336_sd2026.log
phase4_asx_individual_period,weather,720,720,2024,ok,0.5956973,0.30969929695129395,0.33186936378479004,31,144,0,28338788,logs/AsySpecX_phase4/phase4_asx_individual_period_weather_sl720_pl720_sd2024.log
phase4_asx_individual_period,weather,720,720,2025,ok,0.59578,0.3097400367259979,0.33192551136016846,31,144,0,28338792,logs/AsySpecX_phase4/phase4_asx_individual_period_weather_sl720_pl720_sd2025.log
phase4_asx_individual_period,weather,720,720,2026,ok,0.5956877,0.30968543887138367,0.3318425714969635,31,144,0,28338796,logs/AsySpecX_phase4/phase4_asx_individual_period_weather_sl720_pl720_sd2026.log
phase4_asx_individual_period,weather,720,96,2024,ok,0.381955,0.14797504246234894,0.20203270018100739,31,144,0,28338785,logs/AsySpecX_phase4/phase4_asx_individual_period_weather_sl720_pl96_sd2024.log
phase4_asx_individual_period,weather,720,96,2025,ok,0.3822276,0.14832772314548492,0.2025640904903412,31,144,0,28338789,logs/AsySpecX_phase4/phase4_asx_individual_period_weather_sl720_pl96_sd2025.log
phase4_asx_individual_period,weather,720,96,2026,ok,0.3818672,0.14800739288330078,0.2021227777004242,31,144,0,28338793,logs/AsySpecX_phase4/phase4_asx_individual_period_weather_sl720_pl96_sd2026.log
phase4_asx_individual_revin,electricity,720,192,2024,ok,0.1325283,0.15913665294647217,0.25788992643356323,181,24+168,0,28338822,logs/AsySpecX_phase4/phase4_asx_individual_revin_electricity_sl720_pl192_sd2024.log
phase4_asx_individual_revin,electricity,720,192,2025,ok,0.1325027,0.15913762152194977,0.25789761543273926,181,24+168,0,28338826,logs/AsySpecX_phase4/phase4_asx_individual_revin_electricity_sl720_pl192_sd2025.log
phase4_asx_individual_revin,electricity,720,192,2026,ok,0.1324958,0.15917691588401794,0.2579599916934967,181,24+168,0,28338830,logs/AsySpecX_phase4/phase4_asx_individual_revin_electricity_sl720_pl192_sd2026.log
phase4_asx_individual_revin,electricity,720,336,2024,ok,0.1473847,0.17418140172958374,0.2728252112865448,181,24+168,0,28338823,logs/AsySpecX_phase4/phase4_asx_individual_revin_electricity_sl720_pl336_sd2024.log
phase4_asx_individual_revin,electricity,720,336,2025,ok,0.1473365,0.17419418692588806,0.27284520864486694,181,24+168,0,28338827,logs/AsySpecX_phase4/phase4_asx_individual_revin_electricity_sl720_pl336_sd2025.log
phase4_asx_individual_revin,electricity,720,336,2026,ok,0.1473387,0.17418383061885834,0.27284887433052063,181,24+168,0,28338831,logs/AsySpecX_phase4/phase4_asx_individual_revin_electricity_sl720_pl336_sd2026.log
phase4_asx_individual_revin,electricity,720,720,2024,ok,0.1780798,0.20964941382408142,0.30240216851234436,181,24+168,0,28338824,logs/AsySpecX_phase4/phase4_asx_individual_revin_electricity_sl720_pl720_sd2024.log
phase4_asx_individual_revin,electricity,720,720,2025,ok,0.1781417,0.2096690833568573,0.30239805579185486,181,24+168,0,28338828,logs/AsySpecX_phase4/phase4_asx_individual_revin_electricity_sl720_pl720_sd2025.log
phase4_asx_individual_revin,electricity,720,720,2026,ok,0.178107,0.20971278846263885,0.30239608883857727,181,24+168,0,28338832,logs/AsySpecX_phase4/phase4_asx_individual_revin_electricity_sl720_pl720_sd2026.log
phase4_asx_individual_revin,electricity,720,96,2024,ok,0.1197562,0.14266787469387054,0.24431486427783966,181,24+168,0,28338821,logs/AsySpecX_phase4/phase4_asx_individual_revin_electricity_sl720_pl96_sd2024.log
phase4_asx_individual_revin,electricity,720,96,2025,ok,0.1197632,0.14265957474708557,0.24431411921977997,181,24+168,0,28338825,logs/AsySpecX_phase4/phase4_asx_individual_revin_electricity_sl720_pl96_sd2025.log
phase4_asx_individual_revin,electricity,720,96,2026,ok,0.1197055,0.1426944136619568,0.24433553218841553,181,24+168,0,28338829,logs/AsySpecX_phase4/phase4_asx_individual_revin_electricity_sl720_pl96_sd2026.log
phase4_asx_individual_revin,weather,720,192,2024,ok,0.4376875,0.190342977643013,0.2405116856098175,31,144,0,28338810,logs/AsySpecX_phase4/phase4_asx_individual_revin_weather_sl720_pl192_sd2024.log
phase4_asx_individual_revin,weather,720,192,2025,ok,0.4377343,0.19010286033153534,0.24022993445396423,31,144,0,28338814,logs/AsySpecX_phase4/phase4_asx_individual_revin_weather_sl720_pl192_sd2025.log
phase4_asx_individual_revin,weather,720,192,2026,ok,0.4378967,0.1901623159646988,0.24026477336883545,31,144,0,28338818,logs/AsySpecX_phase4/phase4_asx_individual_revin_weather_sl720_pl192_sd2026.log
phase4_asx_individual_revin,weather,720,336,2024,ok,0.5017782,0.23994186520576477,0.27907946705818176,31,144,0,28338811,logs/AsySpecX_phase4/phase4_asx_individual_revin_weather_sl720_pl336_sd2024.log
phase4_asx_individual_revin,weather,720,336,2025,ok,0.5021906,0.2400941401720047,0.2791818380355835,31,144,0,28338815,logs/AsySpecX_phase4/phase4_asx_individual_revin_weather_sl720_pl336_sd2025.log
phase4_asx_individual_revin,weather,720,336,2026,ok,0.5023637,0.24001339077949524,0.27911177277565,31,144,0,28338819,logs/AsySpecX_phase4/phase4_asx_individual_revin_weather_sl720_pl336_sd2026.log
phase4_asx_individual_revin,weather,720,720,2024,ok,0.5969155,0.31018927693367004,0.32903873920440674,31,144,0,28338812,logs/AsySpecX_phase4/phase4_asx_individual_revin_weather_sl720_pl720_sd2024.log
phase4_asx_individual_revin,weather,720,720,2025,ok,0.5969077,0.31012001633644104,0.3289876878261566,31,144,0,28338816,logs/AsySpecX_phase4/phase4_asx_individual_revin_weather_sl720_pl720_sd2025.log
phase4_asx_individual_revin,weather,720,720,2026,ok,0.5967126,0.3100194036960602,0.3288920223712921,31,144,0,28338820,logs/AsySpecX_phase4/phase4_asx_individual_revin_weather_sl720_pl720_sd2026.log
phase4_asx_individual_revin,weather,720,96,2024,ok,0.3813918,0.14773397147655487,0.20042157173156738,31,144,0,28338809,logs/AsySpecX_phase4/phase4_asx_individual_revin_weather_sl720_pl96_sd2024.log
phase4_asx_individual_revin,weather,720,96,2025,ok,0.3816749,0.14806611835956573,0.20093192160129547,31,144,0,28338813,logs/AsySpecX_phase4/phase4_asx_individual_revin_weather_sl720_pl96_sd2025.log
phase4_asx_individual_revin,weather,720,96,2026,ok,0.3813596,0.14775338768959045,0.20051971077919006,31,144,0,28338817,logs/AsySpecX_phase4/phase4_asx_individual_revin_weather_sl720_pl96_sd2026.log
phase4_asx_period_multi,electricity,720,192,2024,ok,0.1273319,0.1515727937221527,0.24858592450618744,181,24+168,0,28338774,logs/AsySpecX_phase4/phase4_asx_period_multi_electricity_sl720_pl192_sd2024.log
phase4_asx_period_multi,electricity,720,192,2025,ok,0.1278046,0.1520444005727768,0.24930919706821442,181,24+168,0,28338778,logs/AsySpecX_phase4/phase4_asx_period_multi_electricity_sl720_pl192_sd2025.log
phase4_asx_period_multi,electricity,720,192,2026,ok,0.1281182,0.15232089161872864,0.24984906613826752,181,24+168,0,28338782,logs/AsySpecX_phase4/phase4_asx_period_multi_electricity_sl720_pl192_sd2026.log
phase4_asx_period_multi,electricity,720,336,2024,ok,0.1423885,0.1666792780160904,0.2638959586620331,181,24+168,0,28338775,logs/AsySpecX_phase4/phase4_asx_period_multi_electricity_sl720_pl336_sd2024.log
phase4_asx_period_multi,electricity,720,336,2025,ok,0.1427664,0.1671222299337387,0.2640010118484497,181,24+168,0,28338779,logs/AsySpecX_phase4/phase4_asx_period_multi_electricity_sl720_pl336_sd2025.log
phase4_asx_period_multi,electricity,720,336,2026,ok,0.1426651,0.16668222844600677,0.2639300525188446,181,24+168,0,28338783,logs/AsySpecX_phase4/phase4_asx_period_multi_electricity_sl720_pl336_sd2026.log
phase4_asx_period_multi,electricity,720,720,2024,ok,0.1744358,0.20420873165130615,0.29386523365974426,181,24+168,0,28338776,logs/AsySpecX_phase4/phase4_asx_period_multi_electricity_sl720_pl720_sd2024.log
phase4_asx_period_multi,electricity,720,720,2025,ok,0.1739698,0.20256029069423676,0.2927343547344208,181,24+168,0,28338780,logs/AsySpecX_phase4/phase4_asx_period_multi_electricity_sl720_pl720_sd2025.log
phase4_asx_period_multi,electricity,720,720,2026,ok,0.1745014,0.20389817655086517,0.29469653964042664,181,24+168,0,28338784,logs/AsySpecX_phase4/phase4_asx_period_multi_electricity_sl720_pl720_sd2026.log
phase4_asx_period_multi,electricity,720,96,2024,ok,0.1167483,0.1387719064950943,0.23894603550434113,181,24+168,0,28338773,logs/AsySpecX_phase4/phase4_asx_period_multi_electricity_sl720_pl96_sd2024.log
phase4_asx_period_multi,electricity,720,96,2025,ok,0.1168167,0.1388411670923233,0.23893390595912933,181,24+168,0,28338777,logs/AsySpecX_phase4/phase4_asx_period_multi_electricity_sl720_pl96_sd2025.log
phase4_asx_period_multi,electricity,720,96,2026,ok,0.1156391,0.13718169927597046,0.23702199757099152,181,24+168,0,28338781,logs/AsySpecX_phase4/phase4_asx_period_multi_electricity_sl720_pl96_sd2026.log
phase4_asx_period_multi,weather,720,192,2024,ok,0.4329538,0.19658006727695465,0.25009042024612427,31,144,0,28338761,logs/AsySpecX_phase4/phase4_asx_period_multi_weather_sl720_pl192_sd2024.log
phase4_asx_period_multi,weather,720,192,2025,ok,0.438745,0.1977842152118683,0.2514657974243164,31,144,0,28338766,logs/AsySpecX_phase4/phase4_asx_period_multi_weather_sl720_pl192_sd2025.log
phase4_asx_period_multi,weather,720,192,2026,ok,0.4425894,0.19842177629470825,0.25094109773635864,31,144,0,28338770,logs/AsySpecX_phase4/phase4_asx_period_multi_weather_sl720_pl192_sd2026.log
phase4_asx_period_multi,weather,720,336,2024,ok,0.49715,0.24751578271389008,0.28827881813049316,31,144,0,28338763,logs/AsySpecX_phase4/phase4_asx_period_multi_weather_sl720_pl336_sd2024.log
phase4_asx_period_multi,weather,720,336,2025,ok,0.4994344,0.24985799193382263,0.29037103056907654,31,144,0,28338767,logs/AsySpecX_phase4/phase4_asx_period_multi_weather_sl720_pl336_sd2025.log
phase4_asx_period_multi,weather,720,336,2026,ok,0.5005974,0.25076359510421753,0.29083994030952454,31,144,0,28338771,logs/AsySpecX_phase4/phase4_asx_period_multi_weather_sl720_pl336_sd2026.log
phase4_asx_period_multi,weather,720,720,2024,ok,0.5889736,0.3134722411632538,0.3358619213104248,31,144,0,28338764,logs/AsySpecX_phase4/phase4_asx_period_multi_weather_sl720_pl720_sd2024.log
phase4_asx_period_multi,weather,720,720,2025,ok,0.5955095,0.3103782832622528,0.33450865745544434,31,144,0,28338768,logs/AsySpecX_phase4/phase4_asx_period_multi_weather_sl720_pl720_sd2025.log
phase4_asx_period_multi,weather,720,720,2026,ok,0.5894603,0.3156276345252991,0.33776235580444336,31,144,0,28338772,logs/AsySpecX_phase4/phase4_asx_period_multi_weather_sl720_pl720_sd2026.log
phase4_asx_period_multi,weather,720,96,2024,ok,0.3888871,0.15065674483776093,0.2079142928123474,31,144,0,28338760,logs/AsySpecX_phase4/phase4_asx_period_multi_weather_sl720_pl96_sd2024.log
phase4_asx_period_multi,weather,720,96,2025,ok,0.388993,0.15264052152633667,0.20875701308250427,31,144,0,28338765,logs/AsySpecX_phase4/phase4_asx_period_multi_weather_sl720_pl96_sd2025.log
phase4_asx_period_multi,weather,720,96,2026,ok,0.3847079,0.15235686302185059,0.21088312566280365,31,144,0,28338769,logs/AsySpecX_phase4/phase4_asx_period_multi_weather_sl720_pl96_sd2026.log
phase4_asx_period_single,electricity,720,192,2024,ok,0.127568,0.15182526409626007,0.2490614503622055,181,24+168,0,28338749,logs/AsySpecX_phase4/phase4_asx_period_single_electricity_sl720_pl192_sd2024.log
phase4_asx_period_single,electricity,720,192,2025,ok,0.1280822,0.15236665308475494,0.24988292157649994,181,24+168,0,28338753,logs/AsySpecX_phase4/phase4_asx_period_single_electricity_sl720_pl192_sd2025.log
phase4_asx_period_single,electricity,720,192,2026,ok,0.1284148,0.15264832973480225,0.2504502236843109,181,24+168,0,28338757,logs/AsySpecX_phase4/phase4_asx_period_single_electricity_sl720_pl192_sd2026.log
phase4_asx_period_single,electricity,720,336,2024,ok,0.1426132,0.1669027954339981,0.2643187940120697,181,24+168,0,28338750,logs/AsySpecX_phase4/phase4_asx_period_single_electricity_sl720_pl336_sd2024.log
phase4_asx_period_single,electricity,720,336,2025,ok,0.143003,0.16736151278018951,0.26440122723579407,181,24+168,0,28338754,logs/AsySpecX_phase4/phase4_asx_period_single_electricity_sl720_pl336_sd2025.log
phase4_asx_period_single,electricity,720,336,2026,ok,0.142867,0.16691282391548157,0.2643808424472809,181,24+168,0,28338758,logs/AsySpecX_phase4/phase4_asx_period_single_electricity_sl720_pl336_sd2026.log
phase4_asx_period_single,electricity,720,720,2024,ok,0.1745868,0.20415838062763214,0.2940279543399811,181,24+168,0,28338751,logs/AsySpecX_phase4/phase4_asx_period_single_electricity_sl720_pl720_sd2024.log
phase4_asx_period_single,electricity,720,720,2025,ok,0.1742017,0.2027169167995453,0.29313984513282776,181,24+168,0,28338755,logs/AsySpecX_phase4/phase4_asx_period_single_electricity_sl720_pl720_sd2025.log
phase4_asx_period_single,electricity,720,720,2026,ok,0.1747993,0.20422030985355377,0.2952868938446045,181,24+168,0,28338759,logs/AsySpecX_phase4/phase4_asx_period_single_electricity_sl720_pl720_sd2026.log
phase4_asx_period_single,electricity,720,96,2024,ok,0.1169195,0.13898645341396332,0.2393018901348114,181,24+168,0,28338748,logs/AsySpecX_phase4/phase4_asx_period_single_electricity_sl720_pl96_sd2024.log
phase4_asx_period_single,electricity,720,96,2025,ok,0.1169653,0.13904236257076263,0.2393023520708084,181,24+168,0,28338752,logs/AsySpecX_phase4/phase4_asx_period_single_electricity_sl720_pl96_sd2025.log
phase4_asx_period_single,electricity,720,96,2026,ok,0.1158186,0.1373506337404251,0.2373502552509308,181,24+168,0,28338756,logs/AsySpecX_phase4/phase4_asx_period_single_electricity_sl720_pl96_sd2026.log
phase4_asx_period_single,weather,720,192,2024,ok,0.4331262,0.1967543363571167,0.25036415457725525,31,144,0,28338737,logs/AsySpecX_phase4/phase4_asx_period_single_weather_sl720_pl192_sd2024.log
phase4_asx_period_single,weather,720,192,2025,ok,0.4384284,0.19770391285419464,0.25143295526504517,31,144,0,28338741,logs/AsySpecX_phase4/phase4_asx_period_single_weather_sl720_pl192_sd2025.log
phase4_asx_period_single,weather,720,192,2026,ok,0.4426442,0.19854672253131866,0.25118279457092285,31,144,0,28338745,logs/AsySpecX_phase4/phase4_asx_period_single_weather_sl720_pl192_sd2026.log
phase4_asx_period_single,weather,720,336,2024,ok,0.4972134,0.24765731394290924,0.2885047495365143,31,144,0,28338738,logs/AsySpecX_phase4/phase4_asx_period_single_weather_sl720_pl336_sd2024.log
phase4_asx_period_single,weather,720,336,2025,ok,0.4996524,0.25006139278411865,0.29065755009651184,31,144,0,28338742,logs/AsySpecX_phase4/phase4_asx_period_single_weather_sl720_pl336_sd2025.log
phase4_asx_period_single,weather,720,336,2026,ok,0.5007435,0.2509640157222748,0.2911268174648285,31,144,0,28338746,logs/AsySpecX_phase4/phase4_asx_period_single_weather_sl720_pl336_sd2026.log
phase4_asx_period_single,weather,720,720,2024,ok,0.5890063,0.31350770592689514,0.3359076678752899,31,144,0,28338739,logs/AsySpecX_phase4/phase4_asx_period_single_weather_sl720_pl720_sd2024.log
phase4_asx_period_single,weather,720,720,2025,ok,0.5955165,0.31038588285446167,0.3345489799976349,31,144,0,28338743,logs/AsySpecX_phase4/phase4_asx_period_single_weather_sl720_pl720_sd2025.log
phase4_asx_period_single,weather,720,720,2026,ok,0.5894999,0.3156142234802246,0.3378054201602936,31,144,0,28338747,logs/AsySpecX_phase4/phase4_asx_period_single_weather_sl720_pl720_sd2026.log
phase4_asx_period_single,weather,720,96,2024,ok,0.3890858,0.15080879628658295,0.20823067426681519,31,144,0,28338736,logs/AsySpecX_phase4/phase4_asx_period_single_weather_sl720_pl96_sd2024.log
phase4_asx_period_single,weather,720,96,2025,ok,0.3889771,0.15272855758666992,0.20905260741710663,31,144,0,28338740,logs/AsySpecX_phase4/phase4_asx_period_single_weather_sl720_pl96_sd2025.log
phase4_asx_period_single,weather,720,96,2026,ok,0.3850299,0.15260644257068634,0.21145524084568024,31,144,0,28338744,logs/AsySpecX_phase4/phase4_asx_period_single_weather_sl720_pl96_sd2026.log
