dataset,seq_len,pred_len,arm,seeds,n_seeds,test_mse_mean,test_mse_std,test_mae_mean,test_mae_std,mape_mean,mape_std,param_count,train_time_mean_s,test_peak_gpu_mem_mean_mb,our_compact_profile,source
ETTh1,96,96,true_compact_echo,"2024,2025,2026",3,0.3750604052349067,0.0006641369490647756,0.3923287765953505,0.0005910918701107411,9.68822428273947,0.08566817617249237,2242,28.950366020202637,41.22119140625,input=pcke+recent0;output_kron=1;channel=independent;phase_gate=0,compact_true9_0719v1
ETTh1,96,192,true_compact_echo,"2024,2025,2026",3,0.42231090126032317,0.0005477222100436636,0.41777655641692857,0.00043173404474646854,9.864383680223725,0.046275030045102646,2370,29.94416340192159,47.88037109375,input=pcke+recent0;output_kron=1;channel=independent;phase_gate=0,compact_true9_0719v1
ETTh1,96,336,true_compact_echo,"2024,2025,2026",3,0.4595741100426146,0.0008262607009041713,0.4364206349592047,0.00067739416310058,9.674394537148942,0.07961478619133477,2562,27.202557961146038,59.1689453125,input=pcke+recent0;output_kron=1;channel=independent;phase_gate=0,compact_true9_0719v1
ETTh1,96,720,true_compact_echo,"2024,2025,2026",3,0.45977735283737237,0.0008652446894435526,0.4538036911911172,0.00042593246868156146,9.889338965009726,0.01755398508291033,3074,34.929500897725426,85.5283203125,input=pcke+recent0;output_kron=1;channel=independent;phase_gate=0,compact_true9_0719v1
ETTh1,720,96,true_compact_echo,"2024,2025,2026",3,0.3528043852106795,0.00033637929316247453,0.391402503040677,0.0004679553572615679,9.44548614721793,0.11563339417411228,6146,34.21224101384481,61.212890625,input=pcke+recent96;output_kron=1;channel=independent;phase_gate=0,compact_true9_0719v1
ETTh1,720,192,true_compact_echo,"2024,2025,2026",3,0.38875871877556606,0.0011995660760665669,0.4133553489437579,0.0011214358079833253,9.788888866803417,0.1436809695003338,6274,32.13147711753845,67.04345703125,input=pcke+recent96;output_kron=1;channel=independent;phase_gate=0,compact_true9_0719v1
ETTh1,720,336,true_compact_echo,"2024,2025,2026",3,0.4175164320685205,0.0008518931369111953,0.43063318348536483,0.0006710242900217304,9.799080169022302,0.1652651106886849,6466,29.66997496287028,76.66259765625,input=pcke+recent96;output_kron=1;channel=independent;phase_gate=0,compact_true9_0719v1
ETTh1,720,720,true_compact_echo,"2024,2025,2026",3,0.4358386222735263,0.009113546801485729,0.4578737296699502,0.0063791823054883245,9.992879901705347,0.2522958401490189,6978,36.51154716809591,101.61572265625,input=pcke+recent96;output_kron=1;channel=independent;phase_gate=0,compact_true9_0719v1
ETTh2,96,96,true_compact_echo,"2024,2025,2026",3,0.2847804530839197,0.0006356000868113788,0.3351129108733952,0.000654783745293058,1.4204935436306692,0.015073203361010291,2242,22.76865617434184,41.22119140625,input=pcke+recent0;output_kron=1;channel=independent;phase_gate=0,compact_true9_0719v1
ETTh2,96,192,true_compact_echo,"2024,2025,2026",3,0.3741459363188921,0.0017707804661071438,0.3923750780073297,0.0002196269306453077,1.6208731652318624,0.026158138087840888,2370,20.11625401178996,47.88037109375,input=pcke+recent0;output_kron=1;channel=independent;phase_gate=0,compact_true9_0719v1
ETTh2,96,336,true_compact_echo,"2024,2025,2026",3,0.4237327003950373,0.0019122400230872476,0.434188320873713,0.004282661721328561,1.884932896245876,0.06403178354452854,2562,18.092164278030396,59.1689453125,input=pcke+recent0;output_kron=1;channel=independent;phase_gate=0,compact_true9_0719v1
ETTh2,96,720,true_compact_echo,"2024,2025,2026",3,0.45082242321299554,0.0017173119704947737,0.45830650251250604,0.0016537997482567897,2.137050847509596,0.031585051831253964,3074,20.53157631556193,85.5283203125,input=pcke+recent0;output_kron=1;channel=independent;phase_gate=0,compact_true9_0719v1
ETTh2,720,96,true_compact_echo,"2024,2025,2026",3,0.27183636185586063,0.0014288579006133358,0.33622367132836944,0.0015055800197561913,1.4684180756769774,0.01643627521267469,6146,19.549346923828125,61.212890625,input=pcke+recent96;output_kron=1;channel=independent;phase_gate=0,compact_true9_0719v1
ETTh2,720,192,true_compact_echo,"2024,2025,2026",3,0.34257065129629816,0.01045861020745744,0.38434614478579954,0.008388589824557762,1.6499881650227737,0.038450553402487854,6274,18.487871487935383,67.04345703125,input=pcke+recent96;output_kron=1;channel=independent;phase_gate=0,compact_true9_0719v1
ETTh2,720,336,true_compact_echo,"2024,2025,2026",3,0.3788769690770103,0.011077319015788826,0.41448211134220886,0.008584824014729056,1.8570056014564873,0.047312397316570935,6466,18.280039469401043,76.66259765625,input=pcke+recent96;output_kron=1;channel=independent;phase_gate=0,compact_true9_0719v1
ETTh2,720,720,true_compact_echo,"2024,2025,2026",3,0.4107922921275708,0.013981709891213095,0.4471098261938487,0.009958181090576829,2.2164687425671614,0.08142859192144485,6978,19.788083871205647,101.61572265625,input=pcke+recent96;output_kron=1;channel=independent;phase_gate=0,compact_true9_0719v1
ETTm1,96,96,true_compact_echo,"2024,2025,2026",3,0.3203779513138896,0.0013414563402409179,0.35841993311139525,0.001622133075309926,2.1829948004600306,0.012038387036772135,6074,32.599785248438515,41.25537109375,input=dct+recent0;output_kron=0;channel=independent;phase_gate=0,compact_true9_0719v1
ETTm1,96,192,true_compact_echo,"2024,2025,2026",3,0.3600282502310758,0.00016210165727432245,0.37729034604704276,0.0001118175991616022,2.2526311562705135,0.0014625347255758465,6138,37.933704694112144,47.91650390625,input=dct+recent0;output_kron=1;channel=independent;phase_gate=0,compact_true9_0719v1
ETTm1,96,336,true_compact_echo,"2024,2025,2026",3,0.39031046592220464,0.0004524797238059321,0.39691447307228545,0.0003286894323396871,2.3080817612929825,0.009979454969974096,6202,40.44119532903036,59.2041015625,input=dct+recent0;output_kron=1;channel=independent;phase_gate=0,compact_true9_0719v1
ETTm1,96,720,true_compact_echo,"2024,2025,2026",3,0.45049509006191263,0.000572930155959748,0.42941801988951256,0.00042856173356125784,2.458494414170946,0.005772082331238318,6330,49.92818999290466,85.87451171875,input=dct+recent0;output_kron=1;channel=independent;phase_gate=0,compact_true9_0719v1
ETTm1,720,96,true_compact_echo,"2024,2025,2026",3,0.288290250063404,0.0003292126931388787,0.3422012131529091,0.000337867118957253,2.1763085780536002,0.002074215156213962,10426,61.76528151830038,61.22705078125,input=pcke+recent96;output_kron=0;channel=independent;phase_gate=0,compact_true9_0719v1
ETTm1,720,192,true_compact_echo,"2024,2025,2026",3,0.32585606796890215,0.0019090578539784496,0.36451246202562354,0.0013347660580324116,2.2605909658793624,0.007554188206141692,10490,57.04284119606018,68.3720703125,input=pcke+recent96;output_kron=1;channel=independent;phase_gate=0,compact_true9_0719v1
ETTm1,720,336,true_compact_echo,"2024,2025,2026",3,0.35571871095958196,0.000966105585627797,0.38220478923143136,0.0008828169430380885,2.3115791412413604,0.0036274299354675343,10554,63.30623483657837,76.677734375,input=pcke+recent96;output_kron=1;channel=independent;phase_gate=0,compact_true9_0719v1
ETTm1,720,720,true_compact_echo,"2024,2025,2026",3,0.40520507211021006,0.00018941977484783888,0.40904080041888824,0.0001552406462558057,2.433455830839392,0.001551429520705177,10682,84.92836952209473,101.62939453125,input=pcke+recent96;output_kron=1;channel=independent;phase_gate=0,compact_true9_0719v1
ETTm2,96,96,true_compact_echo,"2024,2025,2026",3,0.1663454884750775,6.13794532666102e-05,0.24722382387384426,0.0002705309648276619,1.0655663319900082,0.0016405836248970808,6074,34.11488644282023,41.25537109375,input=dct+recent0;output_kron=0;channel=independent;phase_gate=0,compact_true9_0719v1
ETTm2,96,192,true_compact_echo,"2024,2025,2026",3,0.23170047837424604,0.00018817135482000066,0.2901234431771585,0.00015865946890962748,1.193483106721634,0.003643749784379292,6138,35.93048429489136,47.91650390625,input=dct+recent0;output_kron=1;channel=independent;phase_gate=0,compact_true9_0719v1
ETTm2,96,336,true_compact_echo,"2024,2025,2026",3,0.29274577341254576,0.00015507504465195644,0.3302026400162617,0.0002546222308738518,1.316506130979693,0.0027884192799391945,6202,30.602699120839436,59.2041015625,input=dct+recent0;output_kron=1;channel=independent;phase_gate=0,compact_true9_0719v1
ETTm2,96,720,true_compact_echo,"2024,2025,2026",3,0.3943864165845686,0.00015432567872277863,0.38938609703153815,0.00036697309625843437,1.5256220279296497,0.0031494359373629185,6330,46.33422350883484,85.87451171875,input=dct+recent0;output_kron=1;channel=independent;phase_gate=0,compact_true9_0719v1
ETTm2,720,96,true_compact_echo,"2024,2025,2026",3,0.1602366646226315,0.00031369211574121464,0.25003215846101945,0.0010452265747859556,1.0605870743087245,0.015468408911408923,10426,49.51119486490885,61.22705078125,input=pcke+recent96;output_kron=0;channel=independent;phase_gate=0,compact_true9_0719v1
ETTm2,720,192,true_compact_echo,"2024,2025,2026",3,0.21364361760195869,0.00036205744168248626,0.28839408727767046,0.0009998261677615955,1.1810000017044835,0.005197090048205096,10490,38.371562242507935,68.3720703125,input=pcke+recent96;output_kron=1;channel=independent;phase_gate=0,compact_true9_0719v1
ETTm2,720,336,true_compact_echo,"2024,2025,2026",3,0.26811824283771507,0.0014985867746461104,0.32568922316369914,0.0009679766249152029,1.3124178088748342,0.01400781167993173,10554,36.788962602615356,76.677734375,input=pcke+recent96;output_kron=1;channel=independent;phase_gate=0,compact_true9_0719v1
ETTm2,720,720,true_compact_echo,"2024,2025,2026",3,0.35354117983555033,0.0013115815442085205,0.3845971089957836,0.0012122706003860782,1.5390252432131555,0.010462623319121804,10682,43.05155531565348,101.62939453125,input=pcke+recent96;output_kron=1;channel=independent;phase_gate=0,compact_true9_0719v1
PEMS03,96,12,true_compact_echo,"2024,2025,2026",3,0.0700812364580122,0.001188614491455352,0.17988562876567646,0.0014843283514297553,1.4255550044624787,0.009184202640509802,8122,93.76409697532654,155.7890625,input=dct+recent0;output_kron=0;channel=cycle_shared;phase_gate=1,compact_true9_0719v1
PEMS03,96,24,true_compact_echo,"2024,2025,2026",3,0.09370700360347142,0.0003591064545705039,0.20861309785904053,0.00020251048051114014,1.647065348746153,0.005894537315997689,8506,99.7260193824768,176.80224609375,input=dct+recent0;output_kron=0;channel=cycle_shared;phase_gate=1,compact_true9_0719v1
PEMS03,96,48,true_compact_echo,"2024,2025,2026",3,0.13882099086656102,0.0015512961477659175,0.24522875917631637,0.00109311683469233,1.9126704590030783,0.006484772775539919,9274,114.22244064013164,236.08056640625,input=dct+recent0;output_kron=0;channel=cycle_shared;phase_gate=1,compact_true9_0719v1
PEMS03,96,96,true_compact_echo,"2024,2025,2026",3,0.18478179329999736,0.0010554012148101634,0.2786528187701882,0.001165201121604877,2.1894288616822775,0.017647072469421675,10810,156.38406038284302,373.57177734375,input=dct+recent0;output_kron=0;channel=cycle_shared;phase_gate=1,compact_true9_0719v1
PEMS03,720,12,true_compact_echo,"2024,2025,2026",3,0.07086846307474438,0.0011737576153240505,0.18171387023644392,0.0020999970211555037,1.3966390141887997,0.017102594164212927,18458,451.9621419906616,811.61376953125,input=pcke+recent96;output_kron=0;channel=cycle_shared;phase_gate=1,compact_true9_0719v1
PEMS03,720,24,true_compact_echo,"2024,2025,2026",3,0.09535556372440077,0.0008620074279947577,0.20843334605299293,0.0014461508188673867,1.6064628246143537,0.010176838645037201,18842,467.10295271873474,832.626953125,input=pcke+recent96;output_kron=0;channel=cycle_shared;phase_gate=1,compact_true9_0719v1
PEMS03,720,48,true_compact_echo,"2024,2025,2026",3,0.14259041960803087,0.0020599757839801125,0.2486096146152004,0.0012932945340778583,1.8630219029561055,0.0095035604557338,19610,474.8382291793823,874.2470703125,input=pcke+recent96;output_kron=0;channel=cycle_shared;phase_gate=1,compact_true9_0719v1
PEMS03,720,96,true_compact_echo,"2024,2025,2026",3,0.1897673009900818,0.0020039708722908744,0.2821324065464851,0.0010559091718367606,2.1529059049589905,0.013101135095969793,21146,506.51973422368366,959.76953125,input=pcke+recent96;output_kron=0;channel=cycle_shared;phase_gate=1,compact_true9_0719v1
PEMS04,96,12,true_compact_echo,"2024,2025,2026",3,0.08806900410423699,0.0013997293001359182,0.19964866284837596,0.001944269520419916,1.378286790255237,0.020306097383743425,7714,61.592547496159874,136.70556640625,input=dct+recent0;output_kron=0;channel=cycle_shared;phase_gate=1,compact_true9_0719v1
PEMS04,96,24,true_compact_echo,"2024,2025,2026",3,0.11484821211997356,0.0008029178420413637,0.2309019387313848,0.0008169337418391297,1.582356973744936,0.0053270685508340606,8098,67.70222473144531,154.73046875,input=dct+recent0;output_kron=0;channel=cycle_shared;phase_gate=1,compact_true9_0719v1
PEMS04,96,48,true_compact_echo,"2024,2025,2026",3,0.14733540860692018,0.000802391505725303,0.2609841786164911,0.0007953164567643504,1.7416323194943992,0.030123146416818333,8866,74.35704644521077,205.6416015625,input=dct+recent0;output_kron=0;channel=cycle_shared;phase_gate=1,compact_true9_0719v1
PEMS04,96,96,true_compact_echo,"2024,2025,2026",3,0.17677543557084663,0.0008538066041418344,0.28608108290083006,0.00046537122989105835,1.9014554467583287,0.013995458697294611,10402,94.66971198717754,321.8203125,input=dct+recent0;output_kron=0;channel=cycle_shared;phase_gate=1,compact_true9_0719v1
PEMS04,720,12,true_compact_echo,"2024,2025,2026",3,0.09436471030896688,0.002243655388456842,0.20931193776180437,0.0035815739101775403,1.503599062708056,0.029099517055807354,18050,257.134561697642,700.8232421875,input=pcke+recent96;output_kron=0;channel=cycle_shared;phase_gate=1,compact_true9_0719v1
PEMS04,720,24,true_compact_echo,"2024,2025,2026",3,0.12330782917563693,0.0015601765817330304,0.23974816391668238,0.0017783287261459988,1.6761029617732446,0.006752523036421384,18434,265.77589829762775,718.24267578125,input=pcke+recent96;output_kron=0;channel=cycle_shared;phase_gate=1,compact_true9_0719v1
PEMS04,720,48,true_compact_echo,"2024,2025,2026",3,0.1618806982864458,0.001575371201485443,0.2752893087957104,0.0010624894123683302,1.8290830674039058,0.027345146040395285,19202,271.0151975949605,754.49560546875,input=pcke+recent96;output_kron=0;channel=cycle_shared;phase_gate=1,compact_true9_0719v1
PEMS04,720,96,true_compact_echo,"2024,2025,2026",3,0.18504525905869987,0.0034205329547160766,0.294773687024101,0.0027569337081514364,1.9272589277374474,0.032876235717192955,20738,288.1646664937337,826.39306640625,input=pcke+recent96;output_kron=0;channel=cycle_shared;phase_gate=1,compact_true9_0719v1
PEMS07,96,12,true_compact_echo,"2024,2025,2026",3,0.06831292999257803,0.0013065371869335645,0.17350168863131735,0.0018893543267893187,1.7251931378181078,0.007904592902290012,12322,197.17821208635965,332.47314453125,input=dct+recent0;output_kron=0;channel=cycle_shared;phase_gate=1,compact_true9_0719v1
PEMS07,96,24,true_compact_echo,"2024,2025,2026",3,0.09390762851204291,8.733021821934772e-05,0.20329791629218644,0.00023819458405824453,1.9744683928108202,0.021333429583726173,12706,217.6298488775889,384.248046875,input=dct+recent0;output_kron=0;channel=cycle_shared;phase_gate=1,compact_true9_0719v1
PEMS07,96,48,true_compact_echo,"2024,2025,2026",3,0.14088219543466576,0.0026523739500712218,0.24038325532024207,0.00031598792444441576,2.2156655281216944,0.014295072757750393,13474,271.6209029356639,532.0966796875,input=dct+recent0;output_kron=0;channel=cycle_shared;phase_gate=1,compact_true9_0719v1
PEMS07,96,96,true_compact_echo,"2024,2025,2026",3,0.19210225983242504,0.001642993827306633,0.27315143360603694,0.00026053348606624657,2.3862826976983653,0.008311383611302747,15010,369.413697719574,861.837890625,input=dct+recent0;output_kron=0;channel=cycle_shared;phase_gate=1,compact_true9_0719v1
PEMS07,720,12,true_compact_echo,"2024,2025,2026",3,0.05892924384039734,0.00013691567619490854,0.15875065159936153,0.0001767354492937885,1.6113690953073938,0.008474738349556742,22658,1137.7995694478352,513.57275390625,input=pcke+recent96;output_kron=0;channel=cycle_shared;phase_gate=1,compact_true9_0719v1
PEMS07,720,24,true_compact_echo,"2024,2025,2026",3,0.0774966855668883,0.000792780913640997,0.18281010497005185,0.0005655836554091792,1.7793099448149345,0.00838184430692461,23042,1173.6987707614899,526.517578125,input=pcke+recent96;output_kron=0;channel=cycle_shared;phase_gate=1,compact_true9_0719v1
PEMS07,720,48,true_compact_echo,"2024,2025,2026",3,0.10944684077952252,0.0009109672056371369,0.21054195457946204,0.00019216750391153227,1.9449190030612256,0.01505029646068535,23810,1204.0674118995667,552.4072265625,input=pcke+recent96;output_kron=0;channel=cycle_shared;phase_gate=1,compact_true9_0719v1
PEMS07,720,96,true_compact_echo,"2024,2025,2026",3,0.14542394691488922,0.0024789481317542233,0.23378611744261504,0.00045401328294460315,2.0818778328434715,0.008058616354298777,25346,1236.606565316518,604.1875,input=pcke+recent96;output_kron=0;channel=cycle_shared;phase_gate=1,compact_true9_0719v1
PEMS08,96,12,true_compact_echo,"2024,2025,2026",3,0.0869343814927152,0.0007951212652052,0.19622207933749156,0.001074937056523181,1.64181532352217,0.02230285062437643,6618,47.798139810562134,106.740234375,input=dct+recent0;output_kron=0;channel=cycle_shared;phase_gate=1,compact_true9_0719v1
PEMS08,96,24,true_compact_echo,"2024,2025,2026",3,0.12927178192993835,0.000463496279542018,0.24196796369816323,0.0003740576078836655,1.990888139443038,0.027343200521051415,7002,51.021490255991615,116.73779296875,input=dct+recent0;output_kron=0;channel=cycle_shared;phase_gate=1,compact_true9_0719v1
PEMS08,96,48,true_compact_echo,"2024,2025,2026",3,0.22581089501485227,0.0014571855170687818,0.3237118876715778,0.001724269313383592,2.472833471435819,0.023886502991999046,7770,55.4271035194397,145.15673828125,input=dct+recent0;output_kron=0;channel=cycle_shared;phase_gate=1,compact_true9_0719v1
PEMS08,96,96,true_compact_echo,"2024,2025,2026",3,0.3999620829889229,0.0029120293444179646,0.431372416970039,0.002264854079097356,2.883783105298717,0.029861067910458887,9306,66.39776976903279,209.89794921875,input=dct+recent0;output_kron=0;channel=cycle_shared;phase_gate=1,compact_true9_0719v1
PEMS08,720,12,true_compact_echo,"2024,2025,2026",3,0.09566232418163911,0.0021903910631143404,0.20195257971424335,0.0029184025015159235,1.5589628118693013,0.01795324365982959,16954,152.92652479807535,525.18212890625,input=pcke+recent96;output_kron=0;channel=cycle_shared;phase_gate=1,compact_true9_0719v1
PEMS08,720,24,true_compact_echo,"2024,2025,2026",3,0.13397482836714947,0.0014854395279798153,0.23521458219719196,0.0016142449207648861,1.7731962513239519,0.010770617416866517,17338,154.3384149869283,534.515625,input=pcke+recent96;output_kron=0;channel=cycle_shared;phase_gate=1,compact_true9_0719v1
PEMS08,720,48,true_compact_echo,"2024,2025,2026",3,0.20384116085228468,0.00058206254265873,0.2810940153027436,0.00043277716003940097,2.04648349255625,0.014131243752708553,18106,159.49359273910522,554.5107421875,input=pcke+recent96;output_kron=0;channel=cycle_shared;phase_gate=1,compact_true9_0719v1
PEMS08,720,96,true_compact_echo,"2024,2025,2026",3,0.28451040832234925,0.001212522560085179,0.3169413031332138,0.0003336075103572339,2.2967169193683703,0.016405777402819895,19642,165.11431988080344,594.626953125,input=pcke+recent96;output_kron=0;channel=cycle_shared;phase_gate=1,compact_true9_0719v1
electricity,96,96,asy1_echo,"2024,2025,2026",3,0.13973544543994398,7.908528640987237e-05,0.2344177716044732,3.378908430109334e-05,,,40674,151.41211756070456,108.255859375,,compact_echo_summary_3seed_0717v1_anchor
electricity,96,192,asy1_echo_fallback,"2024,2025,2026",3,0.15438063607403169,2.4399165245989877e-05,0.24709998306313402,5.926540927210164e-06,2.4471133697207574,0.018735867457270124,46818,220.99886266390482,181.3193359375,,compact_echo_fullgrid_0717v2
electricity,96,336,asy1_echo_fallback,"2024,2025,2026",3,0.17139908223585978,0.00010743393664529159,0.2647643349280261,0.00015010080494690366,2.474236659583527,0.007908352742177828,56034,298.6307219664256,268.072265625,,compact_echo_fullgrid_0717v2
electricity,96,720,compact_echo,"2024,2025,2026",3,0.2089435026498218,0.00024078183328127774,0.29622841873287337,6.929544652905167e-05,,,27106,475.28453127543133,454.20166015625,,compact_echo_summary_3seed_0717v1_anchor
electricity,720,96,compact_echo,"2024,2025,2026",3,0.12729970469853819,0.00014436928362229995,0.2228328011579249,0.00011814495710862833,,,51746,528.8012639681498,289.36376953125,,compact_echo_summary_3seed_0717v1_anchor
electricity,720,192,asy1_echo_fallback,"2024,2025,2026",3,0.1448570644745957,0.00027023997073352815,0.23897098704736786,0.00012038690569660792,2.2971973938056442,0.020618550383528955,86754,366.4107747077942,342.64306640625,,compact_echo_fullgrid_0717v2
electricity,720,336,asy1_echo_fallback,"2024,2025,2026",3,0.16067349444387086,0.00010752363299581495,0.25599924141940406,0.0001424157765401154,2.384322469956831,0.022317251135829577,95970,558.3656053543091,416.072265625,,compact_echo_fullgrid_0717v2
electricity,720,720,compact_echo,"2024,2025,2026",3,0.1950067217112771,0.0002021575203256952,0.2862778513812786,0.000186877724788525,,,67042,873.1838774681091,601.97509765625,,compact_echo_summary_3seed_0717v1_anchor
traffic,96,96,true_compact_echo,"2024,2025,2026",3,0.4484165918057793,0.0011029884985540245,0.28933570056754626,0.00014676630649293465,3.4829875847995764,0.002909320459146513,13882,171.37585028012595,255.25341796875,input=dct+recent0;output_kron=0;channel=cycle_shared;phase_gate=1,compact_true9_0719v1
traffic,96,192,true_compact_echo,"2024,2025,2026",3,0.45732854138839935,0.0034613264192422414,0.29538255090500903,4.322050103976793e-05,3.484147627795609,0.03670146994105654,16250,195.75078598658243,417.26708984375,input=dct+recent0;output_kron=1;channel=cycle_shared;phase_gate=1,compact_true9_0719v1
traffic,96,336,true_compact_echo,"2024,2025,2026",3,0.4701608300287612,0.007432972561199001,0.3018934789425133,0.00030197459145860084,3.49112872198147,0.026033880766111517,16250,284.5629141330719,660.8515625,input=dct+recent0;output_kron=1;channel=cycle_shared;phase_gate=1,compact_true9_0719v1
traffic,96,720,true_compact_echo,"2024,2025,2026",3,0.5090763644755636,0.010246441098176582,0.3173735588548917,0.00030942468092064494,3.569124483199367,0.019715778974923787,16346,641.228717247645,1312.01416015625,input=dct+recent0;output_kron=1;channel=cycle_shared;phase_gate=1,compact_true9_0719v1
traffic,720,96,true_compact_echo,"2024,2025,2026",3,0.3791753737633433,0.000369527278585664,0.2632737343698492,0.00027393367585731247,2.9788650032006627,0.01778554002948768,20442,753.6695291996002,742.7265625,input=pcke+recent96;output_kron=0;channel=cycle_shared;phase_gate=1,compact_true9_0719v1
traffic,720,192,true_compact_echo,"2024,2025,2026",3,0.3947116324019857,0.0009546637887932963,0.27010288866242227,0.00018378294986911485,3.0346328984915076,0.03424674134960915,22810,859.9880612691244,843.89599609375,input=pcke+recent96;output_kron=1;channel=cycle_shared;phase_gate=1,compact_true9_0719v1
traffic,720,336,true_compact_echo,"2024,2025,2026",3,0.4085616788983479,0.0008765179786012271,0.2771064677909008,0.00027110117412135036,3.151673987439247,0.04838526826356418,22810,996.2244238058726,1056.591796875,input=pcke+recent96;output_kron=1;channel=cycle_shared;phase_gate=1,compact_true9_0719v1
traffic,720,720,true_compact_echo,"2024,2025,2026",3,0.44010181575425694,0.00051883359886412,0.2962034679624606,0.000126452642716703,3.256683962176355,0.004410369067844007,22906,1240.751637061437,1708.41845703125,input=pcke+recent96;output_kron=1;channel=cycle_shared;phase_gate=1,compact_true9_0719v1
weather,96,96,asy1_echo,"2024,2025,2026",3,0.15375435118817726,0.0006330991056237693,0.19729124939110088,0.0005826763350898063,,,3742,49.45795933405558,53.5625,,compact_echo_summary_3seed_0717v1_anchor
weather,96,192,asy1_echo_fallback,"2024,2025,2026",3,0.2019925756803009,0.000256406110324524,0.2417384742566425,0.00025750030931992305,13.204772345831458,0.1336746843694458,5278,61.87694334983826,72.5380859375,,compact_echo_fullgrid_0717v2
weather,96,336,asy1_echo_fallback,"2024,2025,2026",3,0.2575580281716527,0.0001395684735300566,0.28329122832030995,5.859986827351834e-05,13.924736522066295,0.15001140996587595,7582,67.55405720074971,98.1435546875,,compact_echo_fullgrid_0717v2
weather,96,720,asy1_echo,"2024,2025,2026",3,0.3385557441235448,0.00022691283889252994,0.33624643932821463,0.00013610161863979636,,,13726,85.28962071736653,150.45458984375,,compact_echo_summary_3seed_0717v1_anchor
weather,720,96,compact_echo,"2024,2025,2026",3,0.13868557605467655,0.0005029848692550186,0.18969989269860243,0.0025609588439339226,,,6126,91.9153033097585,105.23828125,,compact_echo_summary_3seed_0717v1_anchor
weather,720,192,asy1_echo_fallback,"2024,2025,2026",3,0.1816932686245894,0.00023187957995698087,0.23105610236359878,0.00013479706636493303,11.181514044389727,0.2094606339807316,15262,87.42458701133728,116.81005859375,,compact_echo_fullgrid_0717v2
weather,720,336,asy1_echo_fallback,"2024,2025,2026",3,0.23229967296845855,0.00045132969062887883,0.2714597343543076,0.00044352628181374055,11.92910988588047,0.06365979646562882,17566,106.47705348332723,140.759765625,,compact_echo_fullgrid_0717v2
weather,720,720,compact_echo,"2024,2025,2026",3,0.3038410676488539,0.0003013993628047395,0.32291982744970466,0.00019763061840672979,,,16110,135.32545733451843,191.509765625,,compact_echo_summary_3seed_0717v1_anchor
