arm,dataset,seq_len,pred_len,seed,status,val_mse,mse,mae,exit_code,job_id,log_file
phase3_anchor_hier_split,electricity,720,192,2026,ok,0.1316507,0.15638452768325806,0.2565271556377411,0,28331946,logs/AsySpecX_phase3/phase3_anchor_hier_split_electricity_sl720_pl192_sd2026.log
phase3_anchor_hier_split,electricity,720,192,2027,ok,0.1315059,0.15605421364307404,0.25598716735839844,0,28331950,logs/AsySpecX_phase3/phase3_anchor_hier_split_electricity_sl720_pl192_sd2027.log
phase3_anchor_hier_split,electricity,720,336,2026,ok,0.1466254,0.17153295874595642,0.27175217866897583,0,28331947,logs/AsySpecX_phase3/phase3_anchor_hier_split_electricity_sl720_pl336_sd2026.log
phase3_anchor_hier_split,electricity,720,336,2027,ok,0.146615,0.17160210013389587,0.2713237404823303,0,28331951,logs/AsySpecX_phase3/phase3_anchor_hier_split_electricity_sl720_pl336_sd2027.log
phase3_anchor_hier_split,electricity,720,720,2026,ok,0.1792761,0.21035346388816833,0.3051636517047882,0,28331948,logs/AsySpecX_phase3/phase3_anchor_hier_split_electricity_sl720_pl720_sd2026.log
phase3_anchor_hier_split,electricity,720,720,2027,ok,0.1790631,0.21011999249458313,0.3048352897167206,0,28331952,logs/AsySpecX_phase3/phase3_anchor_hier_split_electricity_sl720_pl720_sd2027.log
phase3_anchor_hier_split,electricity,720,96,2026,ok,0.1190293,0.14110340178012848,0.24295690655708313,0,28331945,logs/AsySpecX_phase3/phase3_anchor_hier_split_electricity_sl720_pl96_sd2026.log
phase3_anchor_hier_split,electricity,720,96,2027,ok,0.1194409,0.1417866349220276,0.2437301129102707,0,28331949,logs/AsySpecX_phase3/phase3_anchor_hier_split_electricity_sl720_pl96_sd2027.log
phase3_anchor_hier_split,weather,720,192,2026,ok,0.4425148,0.19853681325912476,0.25117331743240356,0,28331938,logs/AsySpecX_phase3/phase3_anchor_hier_split_weather_sl720_pl192_sd2026.log
phase3_anchor_hier_split,weather,720,192,2027,ok,0.4403017,0.1976795494556427,0.2514200806617737,0,28331942,logs/AsySpecX_phase3/phase3_anchor_hier_split_weather_sl720_pl192_sd2027.log
phase3_anchor_hier_split,weather,720,336,2026,ok,0.500709,0.2509799599647522,0.2910982668399811,0,28331939,logs/AsySpecX_phase3/phase3_anchor_hier_split_weather_sl720_pl336_sd2026.log
phase3_anchor_hier_split,weather,720,336,2027,ok,0.4974228,0.2515086233615875,0.29107412695884705,0,28331943,logs/AsySpecX_phase3/phase3_anchor_hier_split_weather_sl720_pl336_sd2027.log
phase3_anchor_hier_split,weather,720,720,2026,ok,0.5895908,0.31533676385879517,0.3376379907131195,0,28331940,logs/AsySpecX_phase3/phase3_anchor_hier_split_weather_sl720_pl720_sd2026.log
phase3_anchor_hier_split,weather,720,720,2027,ok,0.5930443,0.3131505250930786,0.3361877202987671,0,28331944,logs/AsySpecX_phase3/phase3_anchor_hier_split_weather_sl720_pl720_sd2027.log
phase3_anchor_hier_split,weather,720,96,2026,ok,0.3852068,0.15269769728183746,0.2114441990852356,0,28331937,logs/AsySpecX_phase3/phase3_anchor_hier_split_weather_sl720_pl96_sd2026.log
phase3_anchor_hier_split,weather,720,96,2027,ok,0.3797718,0.15248388051986694,0.21106083691120148,0,28331941,logs/AsySpecX_phase3/phase3_anchor_hier_split_weather_sl720_pl96_sd2027.log
phase3_anchor_revin_affine,electricity,720,192,2026,ok,0.1316289,0.15653851628303528,0.25652971863746643,0,28332026,logs/AsySpecX_phase3/phase3_anchor_revin_affine_electricity_sl720_pl192_sd2026.log
phase3_anchor_revin_affine,electricity,720,192,2027,ok,0.1314519,0.1560969054698944,0.256058007478714,0,28332030,logs/AsySpecX_phase3/phase3_anchor_revin_affine_electricity_sl720_pl192_sd2027.log
phase3_anchor_revin_affine,electricity,720,336,2026,ok,0.1464021,0.17193439602851868,0.27164825797080994,0,28332027,logs/AsySpecX_phase3/phase3_anchor_revin_affine_electricity_sl720_pl336_sd2026.log
phase3_anchor_revin_affine,electricity,720,336,2027,ok,0.1464551,0.17201074957847595,0.27135908603668213,0,28332031,logs/AsySpecX_phase3/phase3_anchor_revin_affine_electricity_sl720_pl336_sd2027.log
phase3_anchor_revin_affine,electricity,720,720,2026,ok,0.1778572,0.21088972687721252,0.3047865033149719,0,28332028,logs/AsySpecX_phase3/phase3_anchor_revin_affine_electricity_sl720_pl720_sd2026.log
phase3_anchor_revin_affine,electricity,720,720,2027,ok,0.1776131,0.21051335334777832,0.30424705147743225,0,28332032,logs/AsySpecX_phase3/phase3_anchor_revin_affine_electricity_sl720_pl720_sd2027.log
phase3_anchor_revin_affine,electricity,720,96,2026,ok,0.1190193,0.14104515314102173,0.242851123213768,0,28332025,logs/AsySpecX_phase3/phase3_anchor_revin_affine_electricity_sl720_pl96_sd2026.log
phase3_anchor_revin_affine,electricity,720,96,2027,ok,0.1194707,0.14183515310287476,0.2437364012002945,0,28332029,logs/AsySpecX_phase3/phase3_anchor_revin_affine_electricity_sl720_pl96_sd2027.log
phase3_anchor_revin_affine,weather,720,192,2026,ok,0.4435121,0.19766069948673248,0.24840179085731506,0,28332018,logs/AsySpecX_phase3/phase3_anchor_revin_affine_weather_sl720_pl192_sd2026.log
phase3_anchor_revin_affine,weather,720,192,2027,ok,0.4384034,0.19667981564998627,0.24839988350868225,0,28332022,logs/AsySpecX_phase3/phase3_anchor_revin_affine_weather_sl720_pl192_sd2027.log
phase3_anchor_revin_affine,weather,720,336,2026,ok,0.5020058,0.24983978271484375,0.2878665030002594,0,28332019,logs/AsySpecX_phase3/phase3_anchor_revin_affine_weather_sl720_pl336_sd2026.log
phase3_anchor_revin_affine,weather,720,336,2027,ok,0.4980252,0.25020742416381836,0.28747764229774475,0,28332023,logs/AsySpecX_phase3/phase3_anchor_revin_affine_weather_sl720_pl336_sd2027.log
phase3_anchor_revin_affine,weather,720,720,2026,ok,0.5930449,0.31627026200294495,0.3353702127933502,0,28332020,logs/AsySpecX_phase3/phase3_anchor_revin_affine_weather_sl720_pl720_sd2026.log
phase3_anchor_revin_affine,weather,720,720,2027,ok,0.5995267,0.31249088048934937,0.3328278362751007,0,28332024,logs/AsySpecX_phase3/phase3_anchor_revin_affine_weather_sl720_pl720_sd2027.log
phase3_anchor_revin_affine,weather,720,96,2026,ok,0.3837519,0.15281786024570465,0.21050402522087097,0,28332017,logs/AsySpecX_phase3/phase3_anchor_revin_affine_weather_sl720_pl96_sd2026.log
phase3_anchor_revin_affine,weather,720,96,2027,ok,0.3789798,0.1517438292503357,0.20886750519275665,0,28332021,logs/AsySpecX_phase3/phase3_anchor_revin_affine_weather_sl720_pl96_sd2027.log
phase3_anchor_sparse_period,electricity,720,192,2026,ok,0.1284148,0.15264832973480225,0.2504502236843109,0,28332058,logs/AsySpecX_phase3/phase3_anchor_sparse_period_electricity_sl720_pl192_sd2026.log
phase3_anchor_sparse_period,electricity,720,192,2027,ok,0.1286255,0.1527624875307083,0.25069886445999146,0,28332062,logs/AsySpecX_phase3/phase3_anchor_sparse_period_electricity_sl720_pl192_sd2027.log
phase3_anchor_sparse_period,electricity,720,336,2026,ok,0.142867,0.16691282391548157,0.2643808424472809,0,28332059,logs/AsySpecX_phase3/phase3_anchor_sparse_period_electricity_sl720_pl336_sd2026.log
phase3_anchor_sparse_period,electricity,720,336,2027,ok,0.1431982,0.16755445301532745,0.26485323905944824,0,28332063,logs/AsySpecX_phase3/phase3_anchor_sparse_period_electricity_sl720_pl336_sd2027.log
phase3_anchor_sparse_period,electricity,720,720,2026,ok,0.1747993,0.20422030985355377,0.2952868938446045,0,28332060,logs/AsySpecX_phase3/phase3_anchor_sparse_period_electricity_sl720_pl720_sd2026.log
phase3_anchor_sparse_period,electricity,720,720,2027,ok,0.1745402,0.20349211990833282,0.2941526174545288,0,28332064,logs/AsySpecX_phase3/phase3_anchor_sparse_period_electricity_sl720_pl720_sd2027.log
phase3_anchor_sparse_period,electricity,720,96,2026,ok,0.1158186,0.1373506337404251,0.2373502552509308,0,28332057,logs/AsySpecX_phase3/phase3_anchor_sparse_period_electricity_sl720_pl96_sd2026.log
phase3_anchor_sparse_period,electricity,720,96,2027,ok,0.1168248,0.1389194130897522,0.2390706092119217,0,28332061,logs/AsySpecX_phase3/phase3_anchor_sparse_period_electricity_sl720_pl96_sd2027.log
phase3_anchor_sparse_period,weather,720,192,2026,ok,0.4426442,0.19854672253131866,0.25118279457092285,0,28332050,logs/AsySpecX_phase3/phase3_anchor_sparse_period_weather_sl720_pl192_sd2026.log
phase3_anchor_sparse_period,weather,720,192,2027,ok,0.4403932,0.19766023755073547,0.2514604926109314,0,28332054,logs/AsySpecX_phase3/phase3_anchor_sparse_period_weather_sl720_pl192_sd2027.log
phase3_anchor_sparse_period,weather,720,336,2026,ok,0.5007435,0.2509640157222748,0.2911268174648285,0,28332051,logs/AsySpecX_phase3/phase3_anchor_sparse_period_weather_sl720_pl336_sd2026.log
phase3_anchor_sparse_period,weather,720,336,2027,ok,0.4974203,0.25148648023605347,0.2910606265068054,0,28332055,logs/AsySpecX_phase3/phase3_anchor_sparse_period_weather_sl720_pl336_sd2027.log
phase3_anchor_sparse_period,weather,720,720,2026,ok,0.5894999,0.3156142234802246,0.3378054201602936,0,28332052,logs/AsySpecX_phase3/phase3_anchor_sparse_period_weather_sl720_pl720_sd2026.log
phase3_anchor_sparse_period,weather,720,720,2027,ok,0.5933401,0.3134150207042694,0.33638831973075867,0,28332056,logs/AsySpecX_phase3/phase3_anchor_sparse_period_weather_sl720_pl720_sd2027.log
phase3_anchor_sparse_period,weather,720,96,2026,ok,0.3850299,0.15260644257068634,0.21145524084568024,0,28332049,logs/AsySpecX_phase3/phase3_anchor_sparse_period_weather_sl720_pl96_sd2026.log
phase3_anchor_sparse_period,weather,720,96,2027,ok,0.3796554,0.15246126055717468,0.21109779179096222,0,28332053,logs/AsySpecX_phase3/phase3_anchor_sparse_period_weather_sl720_pl96_sd2027.log
phase3_diag_only_weather_guard,electricity,720,192,2026,ok,0.1315999,0.15606358647346497,0.25570452213287354,0,28332106,logs/AsySpecX_phase3/phase3_diag_only_weather_guard_electricity_sl720_pl192_sd2026.log
phase3_diag_only_weather_guard,electricity,720,192,2027,ok,0.1315618,0.155967578291893,0.25555354356765747,0,28332110,logs/AsySpecX_phase3/phase3_diag_only_weather_guard_electricity_sl720_pl192_sd2027.log
phase3_diag_only_weather_guard,electricity,720,336,2026,ok,0.1468686,0.17160063982009888,0.27089789509773254,0,28332107,logs/AsySpecX_phase3/phase3_diag_only_weather_guard_electricity_sl720_pl336_sd2026.log
phase3_diag_only_weather_guard,electricity,720,336,2027,ok,0.1467491,0.17151887714862823,0.2708589434623718,0,28332111,logs/AsySpecX_phase3/phase3_diag_only_weather_guard_electricity_sl720_pl336_sd2027.log
phase3_diag_only_weather_guard,electricity,720,720,2026,ok,0.1798853,0.20989471673965454,0.3022006154060364,0,28332108,logs/AsySpecX_phase3/phase3_diag_only_weather_guard_electricity_sl720_pl720_sd2026.log
phase3_diag_only_weather_guard,electricity,720,720,2027,ok,0.1797525,0.20990562438964844,0.3023523688316345,0,28332112,logs/AsySpecX_phase3/phase3_diag_only_weather_guard_electricity_sl720_pl720_sd2027.log
phase3_diag_only_weather_guard,electricity,720,96,2026,ok,0.1192566,0.14145222306251526,0.24307745695114136,0,28332105,logs/AsySpecX_phase3/phase3_diag_only_weather_guard_electricity_sl720_pl96_sd2026.log
phase3_diag_only_weather_guard,electricity,720,96,2027,ok,0.1192454,0.14141599833965302,0.24302895367145538,0,28332109,logs/AsySpecX_phase3/phase3_diag_only_weather_guard_electricity_sl720_pl96_sd2027.log
phase3_diag_only_weather_guard,weather,720,192,2026,ok,0.4498364,0.19495335221290588,0.24784977734088898,0,28332098,logs/AsySpecX_phase3/phase3_diag_only_weather_guard_weather_sl720_pl192_sd2026.log
phase3_diag_only_weather_guard,weather,720,192,2027,ok,0.4477315,0.19407707452774048,0.24687837064266205,0,28332102,logs/AsySpecX_phase3/phase3_diag_only_weather_guard_weather_sl720_pl192_sd2027.log
phase3_diag_only_weather_guard,weather,720,336,2026,ok,0.5139279,0.24453195929527283,0.286041259765625,0,28332099,logs/AsySpecX_phase3/phase3_diag_only_weather_guard_weather_sl720_pl336_sd2026.log
phase3_diag_only_weather_guard,weather,720,336,2027,ok,0.5148661,0.2448144257068634,0.2864114046096802,0,28332103,logs/AsySpecX_phase3/phase3_diag_only_weather_guard_weather_sl720_pl336_sd2027.log
phase3_diag_only_weather_guard,weather,720,720,2026,ok,0.60395,0.3133753538131714,0.33503344655036926,0,28332100,logs/AsySpecX_phase3/phase3_diag_only_weather_guard_weather_sl720_pl720_sd2026.log
phase3_diag_only_weather_guard,weather,720,720,2027,ok,0.6038485,0.314517617225647,0.33569347858428955,0,28332104,logs/AsySpecX_phase3/phase3_diag_only_weather_guard_weather_sl720_pl720_sd2027.log
phase3_diag_only_weather_guard,weather,720,96,2026,ok,0.3950334,0.15422019362449646,0.21213072538375854,0,28332097,logs/AsySpecX_phase3/phase3_diag_only_weather_guard_weather_sl720_pl96_sd2026.log
phase3_diag_only_weather_guard,weather,720,96,2027,ok,0.392724,0.15146157145500183,0.20838049054145813,0,28332101,logs/AsySpecX_phase3/phase3_diag_only_weather_guard_weather_sl720_pl96_sd2027.log
phase3_fits_individual,electricity,720,192,2026,ok,0.1325634,0.15905608236789703,0.25816333293914795,0,28331978,logs/AsySpecX_phase3/phase3_fits_individual_electricity_sl720_pl192_sd2026.log
phase3_fits_individual,electricity,720,192,2027,ok,0.1325353,0.15906354784965515,0.2581176161766052,0,28331982,logs/AsySpecX_phase3/phase3_fits_individual_electricity_sl720_pl192_sd2027.log
phase3_fits_individual,electricity,720,336,2026,ok,0.1475564,0.17381355166435242,0.2730664908885956,0,28331979,logs/AsySpecX_phase3/phase3_fits_individual_electricity_sl720_pl336_sd2026.log
phase3_fits_individual,electricity,720,336,2027,ok,0.1477068,0.1738094538450241,0.2730567753314972,0,28331983,logs/AsySpecX_phase3/phase3_fits_individual_electricity_sl720_pl336_sd2027.log
phase3_fits_individual,electricity,720,720,2026,ok,0.1797112,0.20917023718357086,0.3028862774372101,0,28331980,logs/AsySpecX_phase3/phase3_fits_individual_electricity_sl720_pl720_sd2026.log
phase3_fits_individual,electricity,720,720,2027,ok,0.1797037,0.20912550389766693,0.30291423201560974,0,28331984,logs/AsySpecX_phase3/phase3_fits_individual_electricity_sl720_pl720_sd2027.log
phase3_fits_individual,electricity,720,96,2026,ok,0.1197339,0.1426554024219513,0.24444906413555145,0,28331977,logs/AsySpecX_phase3/phase3_fits_individual_electricity_sl720_pl96_sd2026.log
phase3_fits_individual,electricity,720,96,2027,ok,0.1198097,0.1427474021911621,0.24460738897323608,0,28331981,logs/AsySpecX_phase3/phase3_fits_individual_electricity_sl720_pl96_sd2027.log
phase3_fits_individual,weather,720,192,2026,ok,0.4387932,0.1906595230102539,0.24281363189220428,0,28331970,logs/AsySpecX_phase3/phase3_fits_individual_weather_sl720_pl192_sd2026.log
phase3_fits_individual,weather,720,192,2027,ok,0.4375709,0.19044892489910126,0.24258245527744293,0,28331974,logs/AsySpecX_phase3/phase3_fits_individual_weather_sl720_pl192_sd2027.log
phase3_fits_individual,weather,720,336,2026,ok,0.5035602,0.24058492481708527,0.2821459174156189,0,28331971,logs/AsySpecX_phase3/phase3_fits_individual_weather_sl720_pl336_sd2026.log
phase3_fits_individual,weather,720,336,2027,ok,0.5032219,0.2405073642730713,0.28201237320899963,0,28331975,logs/AsySpecX_phase3/phase3_fits_individual_weather_sl720_pl336_sd2027.log
phase3_fits_individual,weather,720,720,2026,ok,0.5957321,0.3096681237220764,0.3318565785884857,0,28331972,logs/AsySpecX_phase3/phase3_fits_individual_weather_sl720_pl720_sd2026.log
phase3_fits_individual,weather,720,720,2027,ok,0.5957997,0.3097729980945587,0.3319477438926697,0,28331976,logs/AsySpecX_phase3/phase3_fits_individual_weather_sl720_pl720_sd2027.log
phase3_fits_individual,weather,720,96,2026,ok,0.3819792,0.14803440868854523,0.2022281140089035,0,28331969,logs/AsySpecX_phase3/phase3_fits_individual_weather_sl720_pl96_sd2026.log
phase3_fits_individual,weather,720,96,2027,ok,0.3825362,0.14791370928287506,0.20193377137184143,0,28331973,logs/AsySpecX_phase3/phase3_fits_individual_weather_sl720_pl96_sd2027.log
phase3_fits_shared,electricity,720,192,2026,ok,0.1319828,0.15637065470218658,0.25602319836616516,0,28331962,logs/AsySpecX_phase3/phase3_fits_shared_electricity_sl720_pl192_sd2026.log
phase3_fits_shared,electricity,720,192,2027,ok,0.1318487,0.1562717705965042,0.2558671832084656,0,28331966,logs/AsySpecX_phase3/phase3_fits_shared_electricity_sl720_pl192_sd2027.log
phase3_fits_shared,electricity,720,336,2026,ok,0.1473911,0.17192348837852478,0.27126985788345337,0,28331963,logs/AsySpecX_phase3/phase3_fits_shared_electricity_sl720_pl336_sd2026.log
phase3_fits_shared,electricity,720,336,2027,ok,0.1473228,0.1719234734773636,0.27129754424095154,0,28331967,logs/AsySpecX_phase3/phase3_fits_shared_electricity_sl720_pl336_sd2027.log
phase3_fits_shared,electricity,720,720,2026,ok,0.1804892,0.21030211448669434,0.3026565611362457,0,28331964,logs/AsySpecX_phase3/phase3_fits_shared_electricity_sl720_pl720_sd2026.log
phase3_fits_shared,electricity,720,720,2027,ok,0.1805423,0.21029391884803772,0.3027016818523407,0,28331968,logs/AsySpecX_phase3/phase3_fits_shared_electricity_sl720_pl720_sd2027.log
phase3_fits_shared,electricity,720,96,2026,ok,0.1196416,0.14176978170871735,0.24347072839736938,0,28331961,logs/AsySpecX_phase3/phase3_fits_shared_electricity_sl720_pl96_sd2026.log
phase3_fits_shared,electricity,720,96,2027,ok,0.1196598,0.14180628955364227,0.24352534115314484,0,28331965,logs/AsySpecX_phase3/phase3_fits_shared_electricity_sl720_pl96_sd2027.log
phase3_fits_shared,weather,720,192,2026,ok,0.4766179,0.21521611511707306,0.2632629871368408,0,28331954,logs/AsySpecX_phase3/phase3_fits_shared_weather_sl720_pl192_sd2026.log
phase3_fits_shared,weather,720,192,2027,ok,0.4761227,0.21508704125881195,0.26319122314453125,0,28331958,logs/AsySpecX_phase3/phase3_fits_shared_weather_sl720_pl192_sd2027.log
phase3_fits_shared,weather,720,336,2026,ok,0.5363882,0.25974637269973755,0.2965053617954254,0,28331955,logs/AsySpecX_phase3/phase3_fits_shared_weather_sl720_pl336_sd2026.log
phase3_fits_shared,weather,720,336,2027,ok,0.5368236,0.25966694951057434,0.2964023947715759,0,28331959,logs/AsySpecX_phase3/phase3_fits_shared_weather_sl720_pl336_sd2027.log
phase3_fits_shared,weather,720,720,2026,ok,0.6164476,0.3213790953159332,0.34002137184143066,0,28331956,logs/AsySpecX_phase3/phase3_fits_shared_weather_sl720_pl720_sd2026.log
phase3_fits_shared,weather,720,720,2027,ok,0.6162913,0.32137954235076904,0.34004372358322144,0,28331960,logs/AsySpecX_phase3/phase3_fits_shared_weather_sl720_pl720_sd2027.log
phase3_fits_shared,weather,720,96,2026,ok,0.418738,0.17361102998256683,0.22947925329208374,0,28331953,logs/AsySpecX_phase3/phase3_fits_shared_weather_sl720_pl96_sd2026.log
phase3_fits_shared,weather,720,96,2027,ok,0.4173361,0.1736091822385788,0.229510098695755,0,28331957,logs/AsySpecX_phase3/phase3_fits_shared_weather_sl720_pl96_sd2027.log
phase3_fits_shared_revin_affine,electricity,720,192,2026,ok,0.1319802,0.15653347969055176,0.2560368478298187,0,28332010,logs/AsySpecX_phase3/phase3_fits_shared_revin_affine_electricity_sl720_pl192_sd2026.log
phase3_fits_shared_revin_affine,electricity,720,192,2027,ok,0.1318457,0.15643566846847534,0.255881130695343,0,28332014,logs/AsySpecX_phase3/phase3_fits_shared_revin_affine_electricity_sl720_pl192_sd2027.log
phase3_fits_shared_revin_affine,electricity,720,336,2026,ok,0.1472663,0.1723969280719757,0.271323561668396,0,28332011,logs/AsySpecX_phase3/phase3_fits_shared_revin_affine_electricity_sl720_pl336_sd2026.log
phase3_fits_shared_revin_affine,electricity,720,336,2027,ok,0.1471922,0.17239630222320557,0.271352618932724,0,28332015,logs/AsySpecX_phase3/phase3_fits_shared_revin_affine_electricity_sl720_pl336_sd2027.log
phase3_fits_shared_revin_affine,electricity,720,720,2026,ok,0.1791625,0.2110852301120758,0.30259251594543457,0,28332012,logs/AsySpecX_phase3/phase3_fits_shared_revin_affine_electricity_sl720_pl720_sd2026.log
phase3_fits_shared_revin_affine,electricity,720,720,2027,ok,0.1791945,0.21107231080532074,0.30264729261398315,0,28332016,logs/AsySpecX_phase3/phase3_fits_shared_revin_affine_electricity_sl720_pl720_sd2027.log
phase3_fits_shared_revin_affine,electricity,720,96,2026,ok,0.1196759,0.14181451499462128,0.24348507821559906,0,28332009,logs/AsySpecX_phase3/phase3_fits_shared_revin_affine_electricity_sl720_pl96_sd2026.log
phase3_fits_shared_revin_affine,electricity,720,96,2027,ok,0.1196957,0.14182688295841217,0.24351154267787933,0,28332013,logs/AsySpecX_phase3/phase3_fits_shared_revin_affine_electricity_sl720_pl96_sd2027.log
phase3_fits_shared_revin_affine,weather,720,192,2026,ok,0.4747577,0.21461637318134308,0.26155513525009155,0,28332002,logs/AsySpecX_phase3/phase3_fits_shared_revin_affine_weather_sl720_pl192_sd2026.log
phase3_fits_shared_revin_affine,weather,720,192,2027,ok,0.4742742,0.21449528634548187,0.2614962160587311,0,28332006,logs/AsySpecX_phase3/phase3_fits_shared_revin_affine_weather_sl720_pl192_sd2027.log
phase3_fits_shared_revin_affine,weather,720,336,2026,ok,0.533946,0.25898855924606323,0.29433417320251465,0,28332003,logs/AsySpecX_phase3/phase3_fits_shared_revin_affine_weather_sl720_pl336_sd2026.log
phase3_fits_shared_revin_affine,weather,720,336,2027,ok,0.5344346,0.2589355707168579,0.29426074028015137,0,28332007,logs/AsySpecX_phase3/phase3_fits_shared_revin_affine_weather_sl720_pl336_sd2027.log
phase3_fits_shared_revin_affine,weather,720,720,2026,ok,0.616508,0.32169097661972046,0.3382122218608856,0,28332004,logs/AsySpecX_phase3/phase3_fits_shared_revin_affine_weather_sl720_pl720_sd2026.log
phase3_fits_shared_revin_affine,weather,720,720,2027,ok,0.6164178,0.32170990109443665,0.33825773000717163,0,28332008,logs/AsySpecX_phase3/phase3_fits_shared_revin_affine_weather_sl720_pl720_sd2027.log
phase3_fits_shared_revin_affine,weather,720,96,2026,ok,0.4170283,0.17321616411209106,0.22830088436603546,0,28332001,logs/AsySpecX_phase3/phase3_fits_shared_revin_affine_weather_sl720_pl96_sd2026.log
phase3_fits_shared_revin_affine,weather,720,96,2027,ok,0.4156331,0.1732194423675537,0.22835470736026764,0,28332005,logs/AsySpecX_phase3/phase3_fits_shared_revin_affine_weather_sl720_pl96_sd2027.log
phase3_fits_shared_subtract_last,electricity,720,192,2026,ok,0.1335522,0.15758726000785828,0.25788363814353943,0,28332042,logs/AsySpecX_phase3/phase3_fits_shared_subtract_last_electricity_sl720_pl192_sd2026.log
phase3_fits_shared_subtract_last,electricity,720,192,2027,ok,0.1325517,0.15663626790046692,0.25664767622947693,0,28332046,logs/AsySpecX_phase3/phase3_fits_shared_subtract_last_electricity_sl720_pl192_sd2027.log
phase3_fits_shared_subtract_last,electricity,720,336,2026,ok,0.149088,0.17312507331371307,0.2730964124202728,0,28332043,logs/AsySpecX_phase3/phase3_fits_shared_subtract_last_electricity_sl720_pl336_sd2026.log
phase3_fits_shared_subtract_last,electricity,720,336,2027,ok,0.1488265,0.17292556166648865,0.2729118764400482,0,28332047,logs/AsySpecX_phase3/phase3_fits_shared_subtract_last_electricity_sl720_pl336_sd2027.log
phase3_fits_shared_subtract_last,electricity,720,720,2026,ok,0.1847175,0.21367697417736053,0.30677658319473267,0,28332044,logs/AsySpecX_phase3/phase3_fits_shared_subtract_last_electricity_sl720_pl720_sd2026.log
phase3_fits_shared_subtract_last,electricity,720,720,2027,ok,0.1835952,0.21274521946907043,0.30570554733276367,0,28332048,logs/AsySpecX_phase3/phase3_fits_shared_subtract_last_electricity_sl720_pl720_sd2027.log
phase3_fits_shared_subtract_last,electricity,720,96,2026,ok,0.1200715,0.14192169904708862,0.24395860731601715,0,28332041,logs/AsySpecX_phase3/phase3_fits_shared_subtract_last_electricity_sl720_pl96_sd2026.log
phase3_fits_shared_subtract_last,electricity,720,96,2027,ok,0.1201479,0.1419149935245514,0.24401827156543732,0,28332045,logs/AsySpecX_phase3/phase3_fits_shared_subtract_last_electricity_sl720_pl96_sd2027.log
phase3_fits_shared_subtract_last,weather,720,192,2026,ok,0.4720344,0.2131669819355011,0.26063886284828186,0,28332034,logs/AsySpecX_phase3/phase3_fits_shared_subtract_last_weather_sl720_pl192_sd2026.log
phase3_fits_shared_subtract_last,weather,720,192,2027,ok,0.4705565,0.21271680295467377,0.2605664134025574,0,28332038,logs/AsySpecX_phase3/phase3_fits_shared_subtract_last_weather_sl720_pl192_sd2027.log
phase3_fits_shared_subtract_last,weather,720,336,2026,ok,0.5356429,0.2590640187263489,0.29532548785209656,0,28332035,logs/AsySpecX_phase3/phase3_fits_shared_subtract_last_weather_sl720_pl336_sd2026.log
phase3_fits_shared_subtract_last,weather,720,336,2027,ok,0.5350323,0.2589488625526428,0.29548385739326477,0,28332039,logs/AsySpecX_phase3/phase3_fits_shared_subtract_last_weather_sl720_pl336_sd2027.log
phase3_fits_shared_subtract_last,weather,720,720,2026,ok,0.6266804,0.3243424594402313,0.34188708662986755,0,28332036,logs/AsySpecX_phase3/phase3_fits_shared_subtract_last_weather_sl720_pl720_sd2026.log
phase3_fits_shared_subtract_last,weather,720,720,2027,ok,0.6217031,0.3230586349964142,0.34099331498146057,0,28332040,logs/AsySpecX_phase3/phase3_fits_shared_subtract_last_weather_sl720_pl720_sd2027.log
phase3_fits_shared_subtract_last,weather,720,96,2026,ok,0.4093523,0.16943103075027466,0.2232142686843872,0,28332033,logs/AsySpecX_phase3/phase3_fits_shared_subtract_last_weather_sl720_pl96_sd2026.log
phase3_fits_shared_subtract_last,weather,720,96,2027,ok,0.4085311,0.1696380376815796,0.2241930216550827,0,28332037,logs/AsySpecX_phase3/phase3_fits_shared_subtract_last_weather_sl720_pl96_sd2027.log
phase3_fits_sparse_period,electricity,720,192,2026,ok,0.1303406,0.15457741916179657,0.2532567083835602,0,28332074,logs/AsySpecX_phase3/phase3_fits_sparse_period_electricity_sl720_pl192_sd2026.log
phase3_fits_sparse_period,electricity,720,192,2027,ok,0.1303311,0.15460194647312164,0.2533084452152252,0,28332078,logs/AsySpecX_phase3/phase3_fits_sparse_period_electricity_sl720_pl192_sd2027.log
phase3_fits_sparse_period,electricity,720,336,2026,ok,0.1454836,0.1697516143321991,0.26807811856269836,0,28332075,logs/AsySpecX_phase3/phase3_fits_sparse_period_electricity_sl720_pl336_sd2026.log
phase3_fits_sparse_period,electricity,720,336,2027,ok,0.1456362,0.17008279263973236,0.26859647035598755,0,28332079,logs/AsySpecX_phase3/phase3_fits_sparse_period_electricity_sl720_pl336_sd2027.log
phase3_fits_sparse_period,electricity,720,720,2026,ok,0.1777753,0.2072499543428421,0.2983558177947998,0,28332076,logs/AsySpecX_phase3/phase3_fits_sparse_period_electricity_sl720_pl720_sd2026.log
phase3_fits_sparse_period,electricity,720,720,2027,ok,0.1776274,0.20702408254146576,0.29804912209510803,0,28332080,logs/AsySpecX_phase3/phase3_fits_sparse_period_electricity_sl720_pl720_sd2027.log
phase3_fits_sparse_period,electricity,720,96,2026,ok,0.1182927,0.140341117978096,0.24121126532554626,0,28332073,logs/AsySpecX_phase3/phase3_fits_sparse_period_electricity_sl720_pl96_sd2026.log
phase3_fits_sparse_period,electricity,720,96,2027,ok,0.1183452,0.1403796523809433,0.24127309024333954,0,28332077,logs/AsySpecX_phase3/phase3_fits_sparse_period_electricity_sl720_pl96_sd2027.log
phase3_fits_sparse_period,weather,720,192,2026,ok,0.4765849,0.2151927649974823,0.26322486996650696,0,28332066,logs/AsySpecX_phase3/phase3_fits_sparse_period_weather_sl720_pl192_sd2026.log
phase3_fits_sparse_period,weather,720,192,2027,ok,0.4761048,0.2150598168373108,0.2631518840789795,0,28332070,logs/AsySpecX_phase3/phase3_fits_sparse_period_weather_sl720_pl192_sd2027.log
phase3_fits_sparse_period,weather,720,336,2026,ok,0.5363427,0.25974029302597046,0.29647570848464966,0,28332067,logs/AsySpecX_phase3/phase3_fits_sparse_period_weather_sl720_pl336_sd2026.log
phase3_fits_sparse_period,weather,720,336,2027,ok,0.5367953,0.2596570551395416,0.2963762581348419,0,28332071,logs/AsySpecX_phase3/phase3_fits_sparse_period_weather_sl720_pl336_sd2027.log
phase3_fits_sparse_period,weather,720,720,2026,ok,0.6164122,0.321383535861969,0.3400004804134369,0,28332068,logs/AsySpecX_phase3/phase3_fits_sparse_period_weather_sl720_pl720_sd2026.log
phase3_fits_sparse_period,weather,720,720,2027,ok,0.6162585,0.32137802243232727,0.3400200307369232,0,28332072,logs/AsySpecX_phase3/phase3_fits_sparse_period_weather_sl720_pl720_sd2027.log
phase3_fits_sparse_period,weather,720,96,2026,ok,0.418724,0.17360325157642365,0.22942166030406952,0,28332065,logs/AsySpecX_phase3/phase3_fits_sparse_period_weather_sl720_pl96_sd2026.log
phase3_fits_sparse_period,weather,720,96,2027,ok,0.4172378,0.17358645796775818,0.22943316400051117,0,28332069,logs/AsySpecX_phase3/phase3_fits_sparse_period_weather_sl720_pl96_sd2027.log
phase3_individual_hier_split,electricity,720,192,2026,ok,0.1324067,0.16089244186878204,0.2616227865219116,0,28331994,logs/AsySpecX_phase3/phase3_individual_hier_split_electricity_sl720_pl192_sd2026.log
phase3_individual_hier_split,electricity,720,192,2027,ok,0.1327326,0.16127268970012665,0.2618418335914612,0,28331998,logs/AsySpecX_phase3/phase3_individual_hier_split_electricity_sl720_pl192_sd2027.log
phase3_individual_hier_split,electricity,720,336,2026,ok,0.1481043,0.17579419910907745,0.27700936794281006,0,28331995,logs/AsySpecX_phase3/phase3_individual_hier_split_electricity_sl720_pl336_sd2026.log
phase3_individual_hier_split,electricity,720,336,2027,ok,0.1481721,0.17577391862869263,0.27700549364089966,0,28331999,logs/AsySpecX_phase3/phase3_individual_hier_split_electricity_sl720_pl336_sd2027.log
phase3_individual_hier_split,electricity,720,720,2026,ok,0.1817026,0.21113130450248718,0.30815768241882324,0,28331996,logs/AsySpecX_phase3/phase3_individual_hier_split_electricity_sl720_pl720_sd2026.log
phase3_individual_hier_split,electricity,720,720,2027,ok,0.1817756,0.21177031099796295,0.308790385723114,0,28332000,logs/AsySpecX_phase3/phase3_individual_hier_split_electricity_sl720_pl720_sd2027.log
phase3_individual_hier_split,electricity,720,96,2026,ok,0.119502,0.14403443038463593,0.24725441634655,0,28331993,logs/AsySpecX_phase3/phase3_individual_hier_split_electricity_sl720_pl96_sd2026.log
phase3_individual_hier_split,electricity,720,96,2027,ok,0.119717,0.14404749870300293,0.24703365564346313,0,28331997,logs/AsySpecX_phase3/phase3_individual_hier_split_electricity_sl720_pl96_sd2027.log
phase3_individual_hier_split,weather,720,192,2026,ok,0.4368342,0.20191679894924164,0.2556999623775482,0,28331986,logs/AsySpecX_phase3/phase3_individual_hier_split_weather_sl720_pl192_sd2026.log
phase3_individual_hier_split,weather,720,192,2027,ok,0.4383654,0.2003422975540161,0.25394290685653687,0,28331990,logs/AsySpecX_phase3/phase3_individual_hier_split_weather_sl720_pl192_sd2027.log
phase3_individual_hier_split,weather,720,336,2026,ok,0.512347,0.2580758035182953,0.29809316992759705,0,28331987,logs/AsySpecX_phase3/phase3_individual_hier_split_weather_sl720_pl336_sd2026.log
phase3_individual_hier_split,weather,720,336,2027,ok,0.5055653,0.25654637813568115,0.29558897018432617,0,28331991,logs/AsySpecX_phase3/phase3_individual_hier_split_weather_sl720_pl336_sd2027.log
phase3_individual_hier_split,weather,720,720,2026,ok,0.5968964,0.3231433629989624,0.3440091013908386,0,28331988,logs/AsySpecX_phase3/phase3_individual_hier_split_weather_sl720_pl720_sd2026.log
phase3_individual_hier_split,weather,720,720,2027,ok,0.6005159,0.32067590951919556,0.34299126267433167,0,28331992,logs/AsySpecX_phase3/phase3_individual_hier_split_weather_sl720_pl720_sd2027.log
phase3_individual_hier_split,weather,720,96,2026,ok,0.3830542,0.15384630858898163,0.21134059131145477,0,28331985,logs/AsySpecX_phase3/phase3_individual_hier_split_weather_sl720_pl96_sd2026.log
phase3_individual_hier_split,weather,720,96,2027,ok,0.3791676,0.152951180934906,0.2106081247329712,0,28331989,logs/AsySpecX_phase3/phase3_individual_hier_split_weather_sl720_pl96_sd2027.log
phase3_individual_sparse_period,electricity,720,192,2026,ok,0.1309281,0.15719465911388397,0.2554038166999817,0,28332090,logs/AsySpecX_phase3/phase3_individual_sparse_period_electricity_sl720_pl192_sd2026.log
phase3_individual_sparse_period,electricity,720,192,2027,ok,0.1308687,0.15723969042301178,0.2554161250591278,0,28332094,logs/AsySpecX_phase3/phase3_individual_sparse_period_electricity_sl720_pl192_sd2027.log
phase3_individual_sparse_period,electricity,720,336,2026,ok,0.1455507,0.17159640789031982,0.269907146692276,0,28332091,logs/AsySpecX_phase3/phase3_individual_sparse_period_electricity_sl720_pl336_sd2026.log
phase3_individual_sparse_period,electricity,720,336,2027,ok,0.1456994,0.17159001529216766,0.2698914110660553,0,28332095,logs/AsySpecX_phase3/phase3_individual_sparse_period_electricity_sl720_pl336_sd2027.log
phase3_individual_sparse_period,electricity,720,720,2026,ok,0.1768419,0.2059146910905838,0.2984229028224945,0,28332092,logs/AsySpecX_phase3/phase3_individual_sparse_period_electricity_sl720_pl720_sd2026.log
phase3_individual_sparse_period,electricity,720,720,2027,ok,0.1768499,0.20587772130966187,0.2984565794467926,0,28332096,logs/AsySpecX_phase3/phase3_individual_sparse_period_electricity_sl720_pl720_sd2027.log
phase3_individual_sparse_period,electricity,720,96,2026,ok,0.1183857,0.1412050724029541,0.2422054260969162,0,28332089,logs/AsySpecX_phase3/phase3_individual_sparse_period_electricity_sl720_pl96_sd2026.log
phase3_individual_sparse_period,electricity,720,96,2027,ok,0.1185546,0.14140065014362335,0.24252766370773315,0,28332093,logs/AsySpecX_phase3/phase3_individual_sparse_period_electricity_sl720_pl96_sd2027.log
phase3_individual_sparse_period,weather,720,192,2026,ok,0.4387259,0.19067202508449554,0.24279367923736572,0,28332082,logs/AsySpecX_phase3/phase3_individual_sparse_period_weather_sl720_pl192_sd2026.log
phase3_individual_sparse_period,weather,720,192,2027,ok,0.4375293,0.19046379625797272,0.24257440865039825,0,28332086,logs/AsySpecX_phase3/phase3_individual_sparse_period_weather_sl720_pl192_sd2027.log
phase3_individual_sparse_period,weather,720,336,2026,ok,0.5035487,0.24061359465122223,0.28214332461357117,0,28332083,logs/AsySpecX_phase3/phase3_individual_sparse_period_weather_sl720_pl336_sd2026.log
phase3_individual_sparse_period,weather,720,336,2027,ok,0.5032186,0.2405373454093933,0.2820141911506653,0,28332087,logs/AsySpecX_phase3/phase3_individual_sparse_period_weather_sl720_pl336_sd2027.log
phase3_individual_sparse_period,weather,720,720,2026,ok,0.5956967,0.30969882011413574,0.331868439912796,0,28332084,logs/AsySpecX_phase3/phase3_individual_sparse_period_weather_sl720_pl720_sd2026.log
phase3_individual_sparse_period,weather,720,720,2027,ok,0.5957596,0.30980831384658813,0.33195963501930237,0,28332088,logs/AsySpecX_phase3/phase3_individual_sparse_period_weather_sl720_pl720_sd2027.log
phase3_individual_sparse_period,weather,720,96,2026,ok,0.3819292,0.14803838729858398,0.2022012323141098,0,28332081,logs/AsySpecX_phase3/phase3_individual_sparse_period_weather_sl720_pl96_sd2026.log
phase3_individual_sparse_period,weather,720,96,2027,ok,0.3824894,0.147920161485672,0.20191945135593414,0,28332085,logs/AsySpecX_phase3/phase3_individual_sparse_period_weather_sl720_pl96_sd2027.log
phase3_offdiag_only_anchor,electricity,720,192,2026,ok,0.1316486,0.15627002716064453,0.25614306330680847,0,28332122,logs/AsySpecX_phase3/phase3_offdiag_only_anchor_electricity_sl720_pl192_sd2026.log
phase3_offdiag_only_anchor,electricity,720,192,2027,ok,0.1316483,0.15615464746952057,0.2558107376098633,0,28332126,logs/AsySpecX_phase3/phase3_offdiag_only_anchor_electricity_sl720_pl192_sd2027.log
phase3_offdiag_only_anchor,electricity,720,336,2026,ok,0.146819,0.17163947224617004,0.27134382724761963,0,28332123,logs/AsySpecX_phase3/phase3_offdiag_only_anchor_electricity_sl720_pl336_sd2026.log
phase3_offdiag_only_anchor,electricity,720,336,2027,ok,0.1468278,0.17166738212108612,0.27121251821517944,0,28332127,logs/AsySpecX_phase3/phase3_offdiag_only_anchor_electricity_sl720_pl336_sd2027.log
phase3_offdiag_only_anchor,electricity,720,720,2026,ok,0.179193,0.2100759595632553,0.3038240373134613,0,28332124,logs/AsySpecX_phase3/phase3_offdiag_only_anchor_electricity_sl720_pl720_sd2026.log
phase3_offdiag_only_anchor,electricity,720,720,2027,ok,0.1792378,0.21015973389148712,0.30361732840538025,0,28332128,logs/AsySpecX_phase3/phase3_offdiag_only_anchor_electricity_sl720_pl720_sd2027.log
phase3_offdiag_only_anchor,electricity,720,96,2026,ok,0.119404,0.14151108264923096,0.24326910078525543,0,28332121,logs/AsySpecX_phase3/phase3_offdiag_only_anchor_electricity_sl720_pl96_sd2026.log
phase3_offdiag_only_anchor,electricity,720,96,2027,ok,0.1195266,0.14176568388938904,0.24356618523597717,0,28332125,logs/AsySpecX_phase3/phase3_offdiag_only_anchor_electricity_sl720_pl96_sd2027.log
phase3_offdiag_only_anchor,weather,720,192,2026,ok,0.4612163,0.21409215033054352,0.261648565530777,0,28332114,logs/AsySpecX_phase3/phase3_offdiag_only_anchor_weather_sl720_pl192_sd2026.log
phase3_offdiag_only_anchor,weather,720,192,2027,ok,0.4616368,0.21355202794075012,0.2615203857421875,0,28332118,logs/AsySpecX_phase3/phase3_offdiag_only_anchor_weather_sl720_pl192_sd2027.log
phase3_offdiag_only_anchor,weather,720,336,2026,ok,0.5183744,0.25621122121810913,0.29449182748794556,0,28332115,logs/AsySpecX_phase3/phase3_offdiag_only_anchor_weather_sl720_pl336_sd2026.log
phase3_offdiag_only_anchor,weather,720,336,2027,ok,0.5159193,0.25812360644340515,0.29534047842025757,0,28332119,logs/AsySpecX_phase3/phase3_offdiag_only_anchor_weather_sl720_pl336_sd2027.log
phase3_offdiag_only_anchor,weather,720,720,2026,ok,0.6096119,0.32029950618743896,0.3408661186695099,0,28332116,logs/AsySpecX_phase3/phase3_offdiag_only_anchor_weather_sl720_pl720_sd2026.log
phase3_offdiag_only_anchor,weather,720,720,2027,ok,0.6085174,0.3201321065425873,0.34127187728881836,0,28332120,logs/AsySpecX_phase3/phase3_offdiag_only_anchor_weather_sl720_pl720_sd2027.log
phase3_offdiag_only_anchor,weather,720,96,2026,ok,0.4038653,0.17335572838783264,0.22825933992862701,0,28332113,logs/AsySpecX_phase3/phase3_offdiag_only_anchor_weather_sl720_pl96_sd2026.log
phase3_offdiag_only_anchor,weather,720,96,2027,ok,0.3987727,0.17083075642585754,0.22464144229888916,0,28332117,logs/AsySpecX_phase3/phase3_offdiag_only_anchor_weather_sl720_pl96_sd2027.log
